text,href
Jump to content,#bodyContent
Main page,/wiki/Main_Page
Contents,/wiki/Wikipedia:Contents
Current events,/wiki/Portal:Current_events
Random article,/wiki/Special:Random
About Wikipedia,/wiki/Wikipedia:About
Contact us,//en.wikipedia.org/wiki/Wikipedia:Contact_us
Help,/wiki/Help:Contents
Learn to edit,/wiki/Help:Introduction
Community portal,/wiki/Wikipedia:Community_portal
Recent changes,/wiki/Special:RecentChanges
Upload file,/wiki/Wikipedia:File_upload_wizard
,/wiki/Main_Page
Search,/wiki/Special:Search
Donate,https://donate.wikimedia.org/wiki/Special:FundraiserRedirector?utm_source=donate&utm_medium=sidebar&utm_campaign=C13_en.wikipedia.org&uselang=en
Create account,/w/index.php?title=Special:CreateAccount&returnto=List+of+Nobel+laureates
Log in,/w/index.php?title=Special:UserLogin&returnto=List+of+Nobel+laureates
Donate,https://donate.wikimedia.org/wiki/Special:FundraiserRedirector?utm_source=donate&utm_medium=sidebar&utm_campaign=C13_en.wikipedia.org&uselang=en
Create account,/w/index.php?title=Special:CreateAccount&returnto=List+of+Nobel+laureates
Log in,/w/index.php?title=Special:UserLogin&returnto=List+of+Nobel+laureates
learn more,/wiki/Help:Introduction
Contributions,/wiki/Special:MyContributions
Talk,/wiki/Special:MyTalk
(Top),#
"1
Prize",#Prize
"2
Laureates",#Laureates
"3
List of laureates",#List_of_laureates
"4
50-year secrecy rule",#50-year_secrecy_rule
"5
See also",#See_also
"6
Notes",#Notes
"7
References",#References
"8
External links",#External_links
Anarâškielâ,https://smn.wikipedia.org/wiki/Listo_Nobel-palh%C3%A2%C5%A1ume_vyeittein
العربية,https://ar.wikipedia.org/wiki/%D9%82%D8%A7%D8%A6%D9%85%D8%A9_%D8%A7%D9%84%D8%AD%D8%A7%D8%B5%D9%84%D9%8A%D9%86_%D8%B9%D9%84%D9%89_%D8%AC%D8%A7%D8%A6%D8%B2%D8%A9_%D9%86%D9%88%D8%A8%D9%84
Asturianu,https://ast.wikipedia.org/wiki/Llista_de_ganadores_del_Premiu_Nobel
Azərbaycanca,https://az.wikipedia.org/wiki/Nobel_m%C3%BCkafat%C4%B1_laureatlar%C4%B1n%C4%B1n_siyah%C4%B1s%C4%B1
বাংলা,https://bn.wikipedia.org/wiki/%E0%A6%A8%E0%A7%8B%E0%A6%AC%E0%A7%87%E0%A6%B2_%E0%A6%AA%E0%A7%81%E0%A6%B0%E0%A6%B8%E0%A7%8D%E0%A6%95%E0%A6%BE%E0%A6%B0%E0%A6%AA%E0%A7%8D%E0%A6%B0%E0%A6%BE%E0%A6%AA%E0%A7%8D%E0%A6%A4%E0%A6%A6%E0%A7%87%E0%A6%B0_%E0%A6%A4%E0%A6%BE%E0%A6%B2%E0%A6%BF%E0%A6%95%E0%A6%BE
Български,https://bg.wikipedia.org/wiki/%D0%A1%D0%BF%D0%B8%D1%81%D1%8A%D0%BA_%D0%BD%D0%B0_%D0%BD%D0%BE%D0%B1%D0%B5%D0%BB%D0%BE%D0%B2%D0%B8%D1%82%D0%B5_%D0%BB%D0%B0%D1%83%D1%80%D0%B5%D0%B0%D1%82%D0%B8
Català,https://ca.wikipedia.org/wiki/Llista_de_guardonats_amb_el_Premi_Nobel
Čeština,https://cs.wikipedia.org/wiki/Seznam_nositel%C5%AF_Nobelovy_ceny
Dansk,https://da.wikipedia.org/wiki/Modtagere_af_Nobelprisen
Deutsch,https://de.wikipedia.org/wiki/Liste_der_Nobelpreistr%C3%A4ger
डोटेली,https://dty.wikipedia.org/wiki/%E0%A4%A8%E0%A5%8B%E0%A4%AC%E0%A5%87%E0%A4%B2_%E0%A4%AA%E0%A5%81%E0%A4%B0%E0%A4%B8%E0%A5%8D%E0%A4%95%E0%A4%BE%E0%A4%B0_%E0%A4%B5%E0%A4%BF%E0%A4%9C%E0%A5%87%E0%A4%A4%E0%A4%BE%E0%A4%B9%E0%A4%B0%E0%A5%82%E0%A4%95%E0%A5%8B_%E0%A4%B8%E0%A5%82%E0%A4%9A%E0%A5%80
Español,https://es.wikipedia.org/wiki/Anexo:Ganadores_del_Premio_Nobel
فارسی,https://fa.wikipedia.org/wiki/%D9%81%D9%87%D8%B1%D8%B3%D8%AA_%D8%A8%D8%B1%D9%86%D8%AF%DA%AF%D8%A7%D9%86_%D8%AC%D8%A7%DB%8C%D8%B2%D9%87_%D9%86%D9%88%D8%A8%D9%84
Français,https://fr.wikipedia.org/wiki/Liste_des_r%C3%A9cipiendaires_du_prix_Nobel
Galego,https://gl.wikipedia.org/wiki/Lista_de_ga%C3%B1adores_dos_Premios_Nobel
ગુજરાતી,https://gu.wikipedia.org/wiki/%E0%AA%A8%E0%AB%8B%E0%AA%AC%E0%AB%87%E0%AA%B2_%E0%AA%AA%E0%AA%BE%E0%AA%B0%E0%AA%BF%E0%AA%A4%E0%AB%8B%E0%AA%B7%E0%AA%BF%E0%AA%95_%E0%AA%B5%E0%AA%A1%E0%AB%87_%E0%AA%B8%E0%AA%A8%E0%AB%8D%E0%AA%AE%E0%AA%BE%E0%AA%A8%E0%AB%80%E0%AA%A4_%E0%AA%AE%E0%AA%B9%E0%AA%BE%E0%AA%A8%E0%AB%81%E0%AA%AD%E0%AA%BE%E0%AA%B5%E0%AB%8B
한국어,https://ko.wikipedia.org/wiki/%EB%85%B8%EB%B2%A8%EC%83%81_%EC%88%98%EC%83%81%EC%9E%90_%EB%AA%A9%EB%A1%9D
Հայերեն,https://hy.wikipedia.org/wiki/%D5%86%D5%B8%D5%A2%D5%A5%D5%AC%D5%B5%D5%A1%D5%B6_%D5%B4%D6%80%D6%81%D5%A1%D5%B6%D5%A1%D5%AF%D5%A1%D5%AF%D5%AB%D6%80%D5%B6%D5%A5%D6%80%D5%AB_%D6%81%D5%A1%D5%B6%D5%AF
हिन्दी,https://hi.wikipedia.org/wiki/%E0%A4%A8%E0%A5%8B%E0%A4%AC%E0%A5%87%E0%A4%B2_%E0%A4%AA%E0%A5%81%E0%A4%B0%E0%A4%B8%E0%A5%8D%E0%A4%95%E0%A4%BE%E0%A4%B0_%E0%A4%B5%E0%A4%BF%E0%A4%9C%E0%A5%87%E0%A4%A4%E0%A4%BE%E0%A4%93%E0%A4%82_%E0%A4%95%E0%A5%80_%E0%A4%B8%E0%A5%82%E0%A4%9A%E0%A5%80
Bahasa Indonesia,https://id.wikipedia.org/wiki/Daftar_penerima_Nobel
Italiano,https://it.wikipedia.org/wiki/Vincitori_del_premio_Nobel
Jawa,https://jv.wikipedia.org/wiki/Dhaptar_pamenang_bebungah_Nobel_miturut_bidang
ქართული,https://ka.wikipedia.org/wiki/%E1%83%9C%E1%83%9D%E1%83%91%E1%83%94%E1%83%9A%E1%83%98%E1%83%A1_%E1%83%9E%E1%83%A0%E1%83%94%E1%83%9B%E1%83%98%E1%83%98%E1%83%A1_%E1%83%9A%E1%83%90%E1%83%A3%E1%83%A0%E1%83%94%E1%83%90%E1%83%A2%E1%83%94%E1%83%91%E1%83%98
Kurdî,https://ku.wikipedia.org/wiki/L%C3%AEsteya_xelatgir%C3%AAn_Nobel%C3%AA
Latviešu,https://lv.wikipedia.org/wiki/Nobela_pr%C4%93miju_laure%C4%81ti
Lingua Franca Nova,https://lfn.wikipedia.org/wiki/Lista_de_ganiores_de_la_Premio_Nobel
Magyar,https://hu.wikipedia.org/wiki/Nobel-d%C3%ADjasok_list%C3%A1ja
മലയാളം,https://ml.wikipedia.org/wiki/%E0%B4%A8%E0%B5%8B%E0%B4%AC%E0%B5%BD_%E0%B4%B8%E0%B4%AE%E0%B5%8D%E0%B4%AE%E0%B4%BE%E0%B4%A8_%E0%B4%9C%E0%B5%87%E0%B4%A4%E0%B4%BE%E0%B4%95%E0%B5%8D%E0%B4%95%E0%B4%B3%E0%B5%81%E0%B4%9F%E0%B5%86_%E0%B4%AA%E0%B4%9F%E0%B5%8D%E0%B4%9F%E0%B4%BF%E0%B4%95
Bahasa Melayu,https://ms.wikipedia.org/wiki/Senarai_pemenang_Hadiah_Nobel
Монгол,https://mn.wikipedia.org/wiki/%D0%9D%D0%BE%D0%B1%D0%B5%D0%BB%D0%B8%D0%B9%D0%BD_%D1%88%D0%B0%D0%B3%D0%BD%D0%B0%D0%BB%D1%82%D0%BD%D1%83%D1%83%D0%B4%D1%8B%D0%BD_%D0%BD%D1%8D%D1%80%D1%81
नेपाली,https://ne.wikipedia.org/wiki/%E0%A4%A8%E0%A5%8B%E0%A4%AC%E0%A5%87%E0%A4%B2_%E0%A4%AA%E0%A5%81%E0%A4%B0%E0%A4%B8%E0%A5%8D%E0%A4%95%E0%A4%BE%E0%A4%B0_%E0%A4%B5%E0%A4%BF%E0%A4%9C%E0%A5%87%E0%A4%A4%E0%A4%BE%E0%A4%B9%E0%A4%B0%E0%A5%82%E0%A4%95%E0%A5%8B_%E0%A4%B8%E0%A5%82%E0%A4%9A%E0%A5%80
日本語,https://ja.wikipedia.org/wiki/%E3%83%8E%E3%83%BC%E3%83%99%E3%83%AB%E8%B3%9E%E5%8F%97%E8%B3%9E%E8%80%85%E3%81%AE%E4%B8%80%E8%A6%A7
Norsk bokmål,https://no.wikipedia.org/wiki/Liste_over_nobelprisvinnere
Oʻzbekcha / ўзбекча,https://uz.wikipedia.org/wiki/Nobel_mukofoti_sovrindorlari_ro%CA%BByxati
ਪੰਜਾਬੀ,https://pa.wikipedia.org/wiki/%E0%A8%A8%E0%A9%8B%E0%A8%AC%E0%A8%B2_%E0%A8%87%E0%A8%A8%E0%A8%BE%E0%A8%AE_%E0%A8%9C%E0%A9%87%E0%A8%A4%E0%A9%82%E0%A8%86%E0%A8%82_%E0%A8%A6%E0%A9%80_%E0%A8%B8%E0%A9%82%E0%A8%9A%E0%A9%80
پنجابی,https://pnb.wikipedia.org/wiki/%D9%86%D9%88%D8%A8%D9%84_%D8%A7%D9%86%D8%B9%D8%A7%D9%85_%D8%AC%D8%AA%D9%86_%D9%88%D8%A7%D9%84%DB%8C%D8%A7%DA%BA_%D8%AF%DB%8C_%D9%84%D8%B3%D9%B9
پښتو,https://ps.wikipedia.org/wiki/%D8%AF_%D9%86%D9%88%D8%A8%D9%84_%D8%AC%D8%A7%DB%8C%D8%B2%DB%90_%DA%AB%D9%BC%D9%88%D9%86%DA%A9%D9%88_%D9%86%D9%88%D9%85%D9%84%DA%93
Polski,https://pl.wikipedia.org/wiki/Lista_laureat%C3%B3w_Nagrody_Nobla
Português,https://pt.wikipedia.org/wiki/Laureados_com_o_Nobel
Română,https://ro.wikipedia.org/wiki/Lista_laurea%C8%9Bilor_Premiului_Nobel
Русский,https://ru.wikipedia.org/wiki/%D0%9D%D0%BE%D0%B1%D0%B5%D0%BB%D0%B5%D0%B2%D1%81%D0%BA%D0%B8%D0%B5_%D0%BF%D1%80%D0%B5%D0%BC%D0%B8%D0%B8_%D0%BF%D0%BE_%D0%B3%D0%BE%D0%B4%D1%83_%D0%B2%D1%80%D1%83%D1%87%D0%B5%D0%BD%D0%B8%D1%8F
संस्कृतम्,https://sa.wikipedia.org/wiki/%E0%A4%A8%E0%A5%8B%E0%A4%AC%E0%A4%B2_%E0%A4%AA%E0%A5%81%E0%A4%B0%E0%A4%B8%E0%A5%8D%E0%A4%95%E0%A4%BE%E0%A4%B0-%E0%A4%B5%E0%A4%BF%E0%A4%9C%E0%A5%87%E0%A4%A4%E0%A4%BE%E0%A4%A8%E0%A4%BE%E0%A4%82_%E0%A4%B8%E0%A5%82%E0%A4%9A%E0%A5%80
Shqip,https://sq.wikipedia.org/wiki/Lista_e_fituesve_t%C3%AB_%C3%87mimit_Nobel
سنڌي,https://sd.wikipedia.org/wiki/%D9%86%D9%88%D8%A8%D9%84_%D8%A7%D9%86%D8%B9%D8%A7%D9%85_%D8%AD%D8%A7%D8%B5%D9%84_%DA%AA%D9%86%D8%AF%DA%99%D9%86_%D8%AC%D9%8A_%D9%81%D9%87%D8%B1%D8%B3%D8%AA
Slovenščina,https://sl.wikipedia.org/wiki/Seznam_Nobelovih_nagrajencev
کوردی,https://ckb.wikipedia.org/wiki/%D9%BE%DB%8E%D8%B1%D8%B3%D8%AA%DB%8C_%D9%88%DB%95%D8%B1%DA%AF%D8%B1%D8%A7%D9%86%DB%8C_%D8%AE%DB%95%DA%B5%D8%A7%D8%AA%DB%8C_%D9%86%DB%86%D8%A8%DB%8E%D9%84
Српски / srpski,https://sr.wikipedia.org/wiki/%D0%A1%D0%BF%D0%B8%D1%81%D0%B0%D0%BA_%D0%B4%D0%BE%D0%B1%D0%B8%D1%82%D0%BD%D0%B8%D0%BA%D0%B0_%D0%9D%D0%BE%D0%B1%D0%B5%D0%BB%D0%BE%D0%B2%D0%B5_%D0%BD%D0%B0%D0%B3%D1%80%D0%B0%D0%B4%D0%B5
Suomi,https://fi.wikipedia.org/wiki/Luettelo_Nobel-palkinnon_saajista
Svenska,https://sv.wikipedia.org/wiki/Lista_%C3%B6ver_Nobelpristagare
தமிழ்,https://ta.wikipedia.org/wiki/%E0%AE%A8%E0%AF%8B%E0%AE%AA%E0%AE%B2%E0%AF%8D_%E0%AE%AA%E0%AE%B0%E0%AE%BF%E0%AE%9A%E0%AF%81_%E0%AE%AA%E0%AF%86%E0%AE%B1%E0%AF%8D%E0%AE%B1%E0%AE%B5%E0%AE%B0%E0%AF%8D%E0%AE%95%E0%AE%B3%E0%AF%8D_%E0%AE%AA%E0%AE%9F%E0%AF%8D%E0%AE%9F%E0%AE%BF%E0%AE%AF%E0%AE%B2%E0%AF%8D
తెలుగు,https://te.wikipedia.org/wiki/%E0%B0%A8%E0%B1%8B%E0%B0%AC%E0%B1%86%E0%B0%B2%E0%B1%8D_%E0%B0%AC%E0%B0%B9%E0%B1%81%E0%B0%AE%E0%B0%A4%E0%B0%BF_%E0%B0%97%E0%B1%8D%E0%B0%B0%E0%B0%B9%E0%B1%80%E0%B0%A4%E0%B0%B2%E0%B1%81
ไทย,https://th.wikipedia.org/wiki/%E0%B8%A3%E0%B8%B2%E0%B8%A2%E0%B8%8A%E0%B8%B7%E0%B9%88%E0%B8%AD%E0%B8%9C%E0%B8%B9%E0%B9%89%E0%B9%84%E0%B8%94%E0%B9%89%E0%B8%A3%E0%B8%B1%E0%B8%9A%E0%B8%A3%E0%B8%B2%E0%B8%87%E0%B8%A7%E0%B8%B1%E0%B8%A5%E0%B9%82%E0%B8%99%E0%B9%80%E0%B8%9A%E0%B8%A5
Türkçe,https://tr.wikipedia.org/wiki/Nobel_%C3%96d%C3%BCl%C3%BC_sahipleri_listesi
Українська,https://uk.wikipedia.org/wiki/%D0%A1%D0%BF%D0%B8%D1%81%D0%BE%D0%BA_%D0%9D%D0%BE%D0%B1%D0%B5%D0%BB%D1%96%D0%B2%D1%81%D1%8C%D0%BA%D0%B8%D1%85_%D0%BB%D0%B0%D1%83%D1%80%D0%B5%D0%B0%D1%82%D1%96%D0%B2
اردو,https://ur.wikipedia.org/wiki/%D9%86%D9%88%D8%A8%D9%84_%D8%A7%D9%86%D8%B9%D8%A7%D9%85_%D9%88%D8%B5%D9%88%D9%84_%DA%A9%D9%86%D9%86%D8%AF%DA%AF%D8%A7%D9%86_%DA%A9%DB%8C_%D9%81%DB%81%D8%B1%D8%B3%D8%AA
Tiếng Việt,https://vi.wikipedia.org/wiki/Danh_s%C3%A1ch_ng%C6%B0%E1%BB%9Di_%C4%91o%E1%BA%A1t_gi%E1%BA%A3i_Nobel
Yorùbá,https://yo.wikipedia.org/wiki/%C3%80t%C3%B2j%E1%BB%8D_%C3%A0w%E1%BB%8Dn_%E1%BA%B9l%E1%BA%B9%CC%81b%C3%B9n_Nobel
中文,https://zh.wikipedia.org/wiki/%E8%AB%BE%E8%B2%9D%E7%88%BE%E7%8D%8E%E5%BE%97%E4%B8%BB%E5%88%97%E8%A1%A8
Edit links,https://www.wikidata.org/wiki/Special:EntityPage/Q339619#sitelinks-wikipedia
Article,/wiki/List_of_Nobel_laureates
Talk,/wiki/Talk:List_of_Nobel_laureates
Read,/wiki/List_of_Nobel_laureates
View source,/w/index.php?title=List_of_Nobel_laureates&action=edit
View history,/w/index.php?title=List_of_Nobel_laureates&action=history
Read,/wiki/List_of_Nobel_laureates
View source,/w/index.php?title=List_of_Nobel_laureates&action=edit
View history,/w/index.php?title=List_of_Nobel_laureates&action=history
What links here,/wiki/Special:WhatLinksHere/List_of_Nobel_laureates
Related changes,/wiki/Special:RecentChangesLinked/List_of_Nobel_laureates
Upload file,/wiki/Wikipedia:File_Upload_Wizard
Special pages,/wiki/Special:SpecialPages
Permanent link,/w/index.php?title=List_of_Nobel_laureates&oldid=1255394493
Page information,/w/index.php?title=List_of_Nobel_laureates&action=info
Cite this page,/w/index.php?title=Special:CiteThisPage&page=List_of_Nobel_laureates&id=1255394493&wpFormIdentifier=titleform
Get shortened URL,/w/index.php?title=Special:UrlShortener&url=https%3A%2F%2Fen.wikipedia.org%2Fwiki%2FList_of_Nobel_laureates
Download QR code,/w/index.php?title=Special:QrCode&url=https%3A%2F%2Fen.wikipedia.org%2Fwiki%2FList_of_Nobel_laureates
Download as PDF,/w/index.php?title=Special:DownloadAsPdf&page=List_of_Nobel_laureates&action=show-download-screen
Printable version,/w/index.php?title=List_of_Nobel_laureates&printable=yes
Wikimedia Commons,https://commons.wikimedia.org/wiki/Category:Nobel_laureates
Wikidata item,https://www.wikidata.org/wiki/Special:EntityPage/Q339619
,/wiki/Wikipedia:Featured_lists
,/wiki/Wikipedia:Protection_policy#semi
,/wiki/File:Nobel_Prize.png
Nobel laureates,/wiki/Nobel_laureates
a gold medal,/wiki/Nobel_Prize_medal
SEK,/wiki/Swedish_krona
,/wiki/File:Nobel_Prize_winners_2012.jpg
Alvin E. Roth,/wiki/Alvin_E._Roth
Brian Kobilka,/wiki/Brian_Kobilka
Robert J. Lefkowitz,/wiki/Robert_J._Lefkowitz
David J. Wineland,/wiki/David_J._Wineland
Serge Haroche,/wiki/Serge_Haroche
Nobel Prizes,/wiki/Nobel_Prize
Swedish,/wiki/Swedish_language
Norwegian,/wiki/Norwegian_language
Royal Swedish Academy of Sciences,/wiki/Royal_Swedish_Academy_of_Sciences
Swedish Academy,/wiki/Swedish_Academy
Karolinska Institutet,/wiki/Karolinska_Institute
Norwegian Nobel Committee,/wiki/Norwegian_Nobel_Committee
chemistry,/wiki/Nobel_Prize_in_Chemistry
physics,/wiki/Nobel_Prize_in_Physics
literature,/wiki/Nobel_Prize_in_Literature
peace,/wiki/Nobel_Peace_Prize
physiology or medicine,/wiki/Nobel_Prize_in_Physiology_or_Medicine
[1],#cite_note-1
Alfred Nobel,/wiki/Alfred_Nobel
Nobel Foundation,/wiki/Nobel_Foundation
Sveriges Riksbank,/wiki/Sveriges_Riksbank
central bank,/wiki/Central_bank
economics,/wiki/Nobel_Memorial_Prize_in_Economic_Sciences
laureate,/wiki/Laureate
a gold medal,/wiki/Nobel_Prize_medal
diploma,/wiki/Diploma
[2],#cite_note-NobelPrizeDescription-2
[3],#cite_note-3
[2],#cite_note-NobelPrizeDescription-2
SEK,/wiki/Swedish_krona
[4],#cite_note-4
Stockholm,/wiki/Stockholm
[5],#cite_note-5
[6],#cite_note-Winners1942-6
World War II,/wiki/World_War_II
[7],#cite_note-PeacePrizeArticle-7
Nobel Prizes,/wiki/Nobel_Prizes
Nobel Memorial Prize in Economic Sciences,/wiki/Nobel_Memorial_Prize_in_Economic_Sciences
[8],#cite_note-8
Adolf Hitler,/wiki/Adolf_Hitler
Richard Kuhn,/wiki/Richard_Kuhn
Adolf Butenandt,/wiki/Adolf_Butenandt
Gerhard Domagk,/wiki/Gerhard_Domagk
Carl von Ossietzky,/wiki/Carl_von_Ossietzky
Chinese government,/wiki/Government_of_China
Liu Xiaobo,/wiki/Liu_Xiaobo
[9],#cite_note-9
Soviet Union,/wiki/Soviet_Union
Boris Pasternak,/wiki/Boris_Pasternak
Liu Xiaobo,/wiki/Liu_Xiaobo
Carl von Ossietzky,/wiki/Carl_von_Ossietzky
Aung San Suu Kyi,/wiki/Aung_San_Suu_Kyi
[10],#cite_note-10
Jean-Paul Sartre,/wiki/Jean-Paul_Sartre
Lê Ðức Thọ,/wiki/Le_Duc_Tho
International Committee of the Red Cross,/wiki/International_Committee_of_the_Red_Cross
Nobel Peace Prize,/wiki/Nobel_Peace_Prize
[11],#cite_note-NobelFacts-11
UNHCR,/wiki/UNHCR
Nobel Peace Prize,/wiki/Nobel_Peace_Prize
Nobel Prize in Physics,/wiki/Nobel_Prize_in_Physics
John Bardeen,/wiki/John_Bardeen
Nobel Prize in Chemistry,/wiki/Nobel_Prize_in_Chemistry
Frederick Sanger,/wiki/Frederick_Sanger
Karl Barry Sharpless,/wiki/Karl_Barry_Sharpless
Marie Curie,/wiki/Marie_Curie
Linus Pauling,/wiki/Linus_Pauling
Marie Curie,/wiki/Marie_Curie
[12],#cite_note-WomenLaureates-12
[11],#cite_note-NobelFacts-11
1901,#1901
1910,#1910
1920,#1920
1930,#1930
1940,#1940
1950,#1950
1960,#1960
1970,#1970
1980,#1980
1990,#1990
2000,#2000
2010,#2010
2020,#2020
Physics,/wiki/List_of_Nobel_laureates_in_Physics
Chemistry,/wiki/List_of_Nobel_laureates_in_Chemistry
Physiologyor Medicine,/wiki/List_of_Nobel_laureates_in_Physiology_or_Medicine
Literature,/wiki/List_of_Nobel_laureates_in_Literature
Peace,/wiki/List_of_Nobel_Peace_Prize_laureates
Prize in Economic Sciences,/wiki/List_of_Nobel_laureates_in_Economics
[13],#cite_note-13
[a],#cite_note-14
Wilhelm Röntgen,/wiki/Wilhelm_R%C3%B6ntgen
Jacobus Henricus van 't Hoff,/wiki/Jacobus_Henricus_van_%27t_Hoff
Emil von Behring,/wiki/Emil_von_Behring
Sully Prudhomme,/wiki/Sully_Prudhomme
Henry Dunant,/wiki/Henry_Dunant
Frédéric Passy,/wiki/Fr%C3%A9d%C3%A9ric_Passy
Hendrik Lorentz,/wiki/Hendrik_Lorentz
Pieter Zeeman,/wiki/Pieter_Zeeman
Emil Fischer,/wiki/Emil_Fischer
Ronald Ross,/wiki/Ronald_Ross
Theodor Mommsen,/wiki/Theodor_Mommsen
Élie Ducommun,/wiki/%C3%89lie_Ducommun
Charles Albert Gobat,/wiki/Charles_Albert_Gobat
Henri Becquerel,/wiki/Henri_Becquerel
Pierre Curie,/wiki/Pierre_Curie
Marie Curie,/wiki/Marie_Curie
Svante Arrhenius,/wiki/Svante_Arrhenius
Niels Ryberg Finsen,/wiki/Niels_Ryberg_Finsen
Bjørnstjerne Bjørnson,/wiki/Bj%C3%B8rnstjerne_Bj%C3%B8rnson
Randal Cremer,/wiki/Randal_Cremer
Lord Rayleigh,"/wiki/John_Strutt,_3rd_Baron_Rayleigh"
William Ramsay,/wiki/William_Ramsay
Ivan Pavlov,/wiki/Ivan_Pavlov
Frédéric Mistral,/wiki/Fr%C3%A9d%C3%A9ric_Mistral
José Echegaray,/wiki/Jos%C3%A9_Echegaray
Institut de Droit International,/wiki/Institut_de_Droit_International
Philipp Lenard,/wiki/Philipp_Lenard
Adolf von Baeyer,/wiki/Adolf_von_Baeyer
Robert Koch,/wiki/Robert_Koch
Henryk Sienkiewicz,/wiki/Henryk_Sienkiewicz
Bertha von Suttner,/wiki/Bertha_von_Suttner
J. J. Thomson,/wiki/J._J._Thomson
Henri Moissan,/wiki/Henri_Moissan
Camillo Golgi,/wiki/Camillo_Golgi
Santiago Ramón y Cajal,/wiki/Santiago_Ram%C3%B3n_y_Cajal
Giosuè Carducci,/wiki/Giosu%C3%A8_Carducci
Theodore Roosevelt,/wiki/Theodore_Roosevelt
Albert A. Michelson,/wiki/Albert_A._Michelson
Eduard Buchner,/wiki/Eduard_Buchner
Charles Louis Alphonse Laveran,/wiki/Charles_Louis_Alphonse_Laveran
Rudyard Kipling,/wiki/Rudyard_Kipling
Ernesto Teodoro Moneta,/wiki/Ernesto_Teodoro_Moneta
Louis Renault,/wiki/Louis_Renault_(jurist)
Gabriel Lippmann,/wiki/Gabriel_Lippmann
Ernest Rutherford,/wiki/Ernest_Rutherford
Élie Metchnikoff,/wiki/%C3%89lie_Metchnikoff
Paul Ehrlich,/wiki/Paul_Ehrlich
Rudolf Christoph Eucken,/wiki/Rudolf_Christoph_Eucken
Klas Pontus Arnoldson,/wiki/Klas_Pontus_Arnoldson
Fredrik Bajer,/wiki/Fredrik_Bajer
Karl Ferdinand Braun,/wiki/Karl_Ferdinand_Braun
Guglielmo Marconi,/wiki/Guglielmo_Marconi
Wilhelm Ostwald,/wiki/Wilhelm_Ostwald
Emil Theodor Kocher,/wiki/Emil_Theodor_Kocher
Selma Lagerlöf,/wiki/Selma_Lagerl%C3%B6f
Auguste Beernaert,/wiki/Auguste_Beernaert
Paul Henri Balluet d'Estournelles de Constant,/wiki/Paul_Henri_Balluet_d%27Estournelles_de_Constant
Johannes Diderik van der Waals,/wiki/Johannes_Diderik_van_der_Waals
Otto Wallach,/wiki/Otto_Wallach
Albrecht Kossel,/wiki/Albrecht_Kossel
Paul Heyse,/wiki/Paul_Heyse
International Peace Bureau,/wiki/International_Peace_Bureau
Wilhelm Wien,/wiki/Wilhelm_Wien
Marie Curie,/wiki/Marie_Curie
Allvar Gullstrand,/wiki/Allvar_Gullstrand
Maurice Maeterlinck,/wiki/Maurice_Maeterlinck
Tobias Asser,/wiki/Tobias_Asser
Alfred Hermann Fried,/wiki/Alfred_Hermann_Fried
Gustaf Dalén,/wiki/Gustaf_Dal%C3%A9n
Victor Grignard,/wiki/Victor_Grignard
Paul Sabatier,/wiki/Paul_Sabatier_(chemist)
Alexis Carrel,/wiki/Alexis_Carrel
Gerhart Hauptmann,/wiki/Gerhart_Hauptmann
Elihu Root,/wiki/Elihu_Root
Heike Kamerlingh Onnes,/wiki/Heike_Kamerlingh_Onnes
Alfred Werner,/wiki/Alfred_Werner
Charles Richet,/wiki/Charles_Richet
Rabindranath Tagore,/wiki/Rabindranath_Tagore
Henri La Fontaine,/wiki/Henri_La_Fontaine
Max von Laue,/wiki/Max_von_Laue
Theodore William Richards,/wiki/Theodore_William_Richards
Robert Bárány,/wiki/Robert_B%C3%A1r%C3%A1ny
William Henry Bragg,/wiki/William_Henry_Bragg
Lawrence Bragg,/wiki/Lawrence_Bragg
Richard Willstätter,/wiki/Richard_Willst%C3%A4tter
Romain Rolland,/wiki/Romain_Rolland
Verner von Heidenstam,/wiki/Verner_von_Heidenstam
Charles Glover Barkla,/wiki/Charles_Glover_Barkla
Karl Adolph Gjellerup,/wiki/Karl_Adolph_Gjellerup
Henrik Pontoppidan,/wiki/Henrik_Pontoppidan
International Committee of the Red Cross,/wiki/International_Committee_of_the_Red_Cross
Max Planck,/wiki/Max_Planck
Fritz Haber,/wiki/Fritz_Haber
Johannes Stark,/wiki/Johannes_Stark
Jules Bordet,/wiki/Jules_Bordet
Carl Spitteler,/wiki/Carl_Spitteler
Woodrow Wilson,/wiki/Woodrow_Wilson
Charles Édouard Guillaume,/wiki/Charles_%C3%89douard_Guillaume
Walther Nernst,/wiki/Walther_Nernst
August Krogh,/wiki/August_Krogh
Knut Hamsun,/wiki/Knut_Hamsun
Léon Bourgeois,/wiki/L%C3%A9on_Bourgeois
Albert Einstein,/wiki/Albert_Einstein
Frederick Soddy,/wiki/Frederick_Soddy
Anatole France,/wiki/Anatole_France
Hjalmar Branting,/wiki/Hjalmar_Branting
Christian Lous Lange,/wiki/Christian_Lous_Lange
Niels Bohr,/wiki/Niels_Bohr
Francis William Aston,/wiki/Francis_William_Aston
Archibald Hill,/wiki/Archibald_Hill
Otto Fritz Meyerhof,/wiki/Otto_Fritz_Meyerhof
Jacinto Benavente,/wiki/Jacinto_Benavente
Fridtjof Nansen,/wiki/Fridtjof_Nansen
Robert Andrews Millikan,/wiki/Robert_Andrews_Millikan
Fritz Pregl,/wiki/Fritz_Pregl
Frederick Banting,/wiki/Frederick_Banting
John Macleod,/wiki/John_Macleod_(physiologist)
W. B. Yeats,/wiki/W._B._Yeats
Manne Siegbahn,/wiki/Manne_Siegbahn
Willem Einthoven,/wiki/Willem_Einthoven
Władysław Reymont,/wiki/W%C5%82adys%C5%82aw_Reymont
James Franck,/wiki/James_Franck
Gustav Ludwig Hertz,/wiki/Gustav_Ludwig_Hertz
Richard Adolf Zsigmondy,/wiki/Richard_Adolf_Zsigmondy
George Bernard Shaw,/wiki/George_Bernard_Shaw
Austen Chamberlain,/wiki/Austen_Chamberlain
Charles G. Dawes,/wiki/Charles_G._Dawes
Jean Baptiste Perrin,/wiki/Jean_Baptiste_Perrin
Theodor Svedberg,/wiki/Theodor_Svedberg
Johannes Fibiger,/wiki/Johannes_Fibiger
Grazia Deledda,/wiki/Grazia_Deledda
Aristide Briand,/wiki/Aristide_Briand
Gustav Stresemann,/wiki/Gustav_Stresemann
Arthur Compton,/wiki/Arthur_Compton
Charles Thomson Rees Wilson,/wiki/Charles_Thomson_Rees_Wilson
Heinrich Otto Wieland,/wiki/Heinrich_Otto_Wieland
Julius Wagner-Jauregg,/wiki/Julius_Wagner-Jauregg
Henri Bergson,/wiki/Henri_Bergson
Ferdinand Buisson,/wiki/Ferdinand_Buisson
Ludwig Quidde,/wiki/Ludwig_Quidde
Owen Willans Richardson,/wiki/Owen_Willans_Richardson
Adolf Windaus,/wiki/Adolf_Windaus
Charles Nicolle,/wiki/Charles_Nicolle
Sigrid Undset,/wiki/Sigrid_Undset
Louis de Broglie,/wiki/Louis_de_Broglie
Arthur Harden,/wiki/Arthur_Harden
Hans von Euler-Chelpin,/wiki/Hans_von_Euler-Chelpin
Christiaan Eijkman,/wiki/Christiaan_Eijkman
Frederick Gowland Hopkins,/wiki/Frederick_Gowland_Hopkins
Thomas Mann,/wiki/Thomas_Mann
Frank B. Kellogg,/wiki/Frank_B._Kellogg
C. V. Raman,/wiki/C._V._Raman
Hans Fischer,/wiki/Hans_Fischer
Karl Landsteiner,/wiki/Karl_Landsteiner
Sinclair Lewis,/wiki/Sinclair_Lewis
Nathan Söderblom,/wiki/Nathan_S%C3%B6derblom
Carl Bosch,/wiki/Carl_Bosch
Friedrich Bergius,/wiki/Friedrich_Bergius
Otto Heinrich Warburg,/wiki/Otto_Heinrich_Warburg
Erik Axel Karlfeldt,/wiki/Erik_Axel_Karlfeldt
Jane Addams,/wiki/Jane_Addams
Nicholas Murray Butler,/wiki/Nicholas_Murray_Butler
Werner Heisenberg,/wiki/Werner_Heisenberg
Irving Langmuir,/wiki/Irving_Langmuir
Charles Scott Sherrington,/wiki/Charles_Scott_Sherrington
Edgar Adrian,/wiki/Edgar_Adrian
John Galsworthy,/wiki/John_Galsworthy
Erwin Schrödinger,/wiki/Erwin_Schr%C3%B6dinger
Paul Dirac,/wiki/Paul_Dirac
Thomas Hunt Morgan,/wiki/Thomas_Hunt_Morgan
Ivan Bunin,/wiki/Ivan_Bunin
Norman Angell,/wiki/Norman_Angell
Harold Urey,/wiki/Harold_Urey
George Whipple,/wiki/George_Whipple
George Minot,/wiki/George_Minot
William P. Murphy,/wiki/William_P._Murphy
Luigi Pirandello,/wiki/Luigi_Pirandello
Arthur Henderson,/wiki/Arthur_Henderson
James Chadwick,/wiki/James_Chadwick
Frédéric Joliot-Curie,/wiki/Fr%C3%A9d%C3%A9ric_Joliot-Curie
Irène Joliot-Curie,/wiki/Ir%C3%A8ne_Joliot-Curie
Hans Spemann,/wiki/Hans_Spemann
Carl von Ossietzky,/wiki/Carl_von_Ossietzky
Victor Francis Hess,/wiki/Victor_Francis_Hess
Carl David Anderson,/wiki/Carl_David_Anderson
Peter Debye,/wiki/Peter_Debye
Henry Hallett Dale,/wiki/Henry_Hallett_Dale
Otto Loewi,/wiki/Otto_Loewi
Eugene O'Neill,/wiki/Eugene_O%27Neill
Carlos Saavedra Lamas,/wiki/Carlos_Saavedra_Lamas
Clinton Davisson,/wiki/Clinton_Davisson
George Paget Thomson,/wiki/George_Paget_Thomson
Norman Haworth,/wiki/Norman_Haworth
Paul Karrer,/wiki/Paul_Karrer
Albert Szent-Györgyi,/wiki/Albert_Szent-Gy%C3%B6rgyi
Roger Martin du Gard,/wiki/Roger_Martin_du_Gard
"Robert Cecil, 1st Viscount Cecil of Chelwood","/wiki/Robert_Cecil,_1st_Viscount_Cecil_of_Chelwood"
Enrico Fermi,/wiki/Enrico_Fermi
Richard Kuhn,/wiki/Richard_Kuhn
[b],#cite_note-A-15
Corneille Heymans,/wiki/Corneille_Heymans
Pearl S. Buck,/wiki/Pearl_S._Buck
Nansen International Office for Refugees,/wiki/Nansen_International_Office_for_Refugees
Ernest Lawrence,/wiki/Ernest_Lawrence
Adolf Butenandt,/wiki/Adolf_Butenandt
[b],#cite_note-A-15
Leopold Ružička,/wiki/Leopold_Ru%C5%BEi%C4%8Dka
Gerhard Domagk,/wiki/Gerhard_Domagk
[b],#cite_note-A-15
Frans Eemil Sillanpää,/wiki/Frans_Eemil_Sillanp%C3%A4%C3%A4
Otto Stern,/wiki/Otto_Stern
George de Hevesy,/wiki/George_de_Hevesy
Henrik Dam,/wiki/Henrik_Dam
Edward Adelbert Doisy,/wiki/Edward_Adelbert_Doisy
Isidor Isaac Rabi,/wiki/Isidor_Isaac_Rabi
Otto Hahn,/wiki/Otto_Hahn
Joseph Erlanger,/wiki/Joseph_Erlanger
Herbert Spencer Gasser,/wiki/Herbert_Spencer_Gasser
Johannes V. Jensen,/wiki/Johannes_V._Jensen
International Committee of the Red Cross,/wiki/International_Committee_of_the_Red_Cross
Wolfgang Pauli,/wiki/Wolfgang_Pauli
Artturi Ilmari Virtanen,/wiki/Artturi_Ilmari_Virtanen
Alexander Fleming,/wiki/Alexander_Fleming
Ernst Chain,/wiki/Ernst_Chain
Howard Florey,/wiki/Howard_Florey
Gabriela Mistral,/wiki/Gabriela_Mistral
Cordell Hull,/wiki/Cordell_Hull
Percy Williams Bridgman,/wiki/Percy_Williams_Bridgman
James B. Sumner,/wiki/James_B._Sumner
John Howard Northrop,/wiki/John_Howard_Northrop
Wendell Meredith Stanley,/wiki/Wendell_Meredith_Stanley
Hermann Joseph Muller,/wiki/Hermann_Joseph_Muller
Hermann Hesse,/wiki/Hermann_Hesse
Emily Greene Balch,/wiki/Emily_Greene_Balch
John Mott,/wiki/John_Mott
Edward Victor Appleton,/wiki/Edward_Victor_Appleton
Robert Robinson,/wiki/Robert_Robinson_(organic_chemist)
Carl Ferdinand Cori,/wiki/Carl_Ferdinand_Cori
Gerty Cori,/wiki/Gerty_Cori
Bernardo Houssay,/wiki/Bernardo_Houssay
André Gide,/wiki/Andr%C3%A9_Gide
Friends Service Council,/wiki/Quaker_Peace_and_Social_Witness
American Friends Service Committee,/wiki/American_Friends_Service_Committee
Patrick Blackett,/wiki/Patrick_Blackett
Arne Tiselius,/wiki/Arne_Tiselius
Paul Hermann Müller,/wiki/Paul_Hermann_M%C3%BCller
T. S. Eliot,/wiki/T._S._Eliot
[c],#cite_note-B-17
Hideki Yukawa,/wiki/Hideki_Yukawa
William Giauque,/wiki/William_Giauque
Walter Rudolf Hess,/wiki/Walter_Rudolf_Hess
António Egas Moniz,/wiki/Ant%C3%B3nio_Egas_Moniz
William Faulkner,/wiki/William_Faulkner
John Boyd Orr,/wiki/John_Boyd_Orr
C. F. Powell,/wiki/C._F._Powell
Otto Diels,/wiki/Otto_Diels
Kurt Alder,/wiki/Kurt_Alder
Philip Showalter Hench,/wiki/Philip_Showalter_Hench
Edward Calvin Kendall,/wiki/Edward_Calvin_Kendall
Tadeus Reichstein,/wiki/Tadeus_Reichstein
Bertrand Russell,/wiki/Bertrand_Russell
Ralph Bunche,/wiki/Ralph_Bunche
John Cockcroft,/wiki/John_Cockcroft
Ernest Walton,/wiki/Ernest_Walton
Edwin McMillan,/wiki/Edwin_McMillan
Glenn T. Seaborg,/wiki/Glenn_T._Seaborg
Max Theiler,/wiki/Max_Theiler
Pär Lagerkvist,/wiki/P%C3%A4r_Lagerkvist
Léon Jouhaux,/wiki/L%C3%A9on_Jouhaux
Felix Bloch,/wiki/Felix_Bloch
Edward Mills Purcell,/wiki/Edward_Mills_Purcell
Archer Martin,/wiki/Archer_Martin
Richard Laurence Millington Synge,/wiki/Richard_Laurence_Millington_Synge
Selman Waksman,/wiki/Selman_Waksman
François Mauriac,/wiki/Fran%C3%A7ois_Mauriac
Albert Schweitzer,/wiki/Albert_Schweitzer
Frits Zernike,/wiki/Frits_Zernike
Hermann Staudinger,/wiki/Hermann_Staudinger
Hans Adolf Krebs,/wiki/Hans_Adolf_Krebs
Fritz Albert Lipmann,/wiki/Fritz_Albert_Lipmann
Winston Churchill,/wiki/Winston_Churchill
George Marshall,/wiki/George_Marshall
Max Born,/wiki/Max_Born
Walther Bothe,/wiki/Walther_Bothe
Linus Pauling,/wiki/Linus_Pauling
John Franklin Enders,/wiki/John_Franklin_Enders
Frederick Chapman Robbins,/wiki/Frederick_Chapman_Robbins
Thomas Huckle Weller,/wiki/Thomas_Huckle_Weller
Ernest Hemingway,/wiki/Ernest_Hemingway
United Nations High Commissioner for Refugees,/wiki/United_Nations_High_Commissioner_for_Refugees
Willis Lamb,/wiki/Willis_Lamb
Polykarp Kusch,/wiki/Polykarp_Kusch
Vincent du Vigneaud,/wiki/Vincent_du_Vigneaud
Hugo Theorell,/wiki/Hugo_Theorell
Halldór Laxness,/wiki/Halld%C3%B3r_Laxness
John Bardeen,/wiki/John_Bardeen
Walter Houser Brattain,/wiki/Walter_Houser_Brattain
William Shockley,/wiki/William_Shockley
Cyril Norman Hinshelwood,/wiki/Cyril_Norman_Hinshelwood
Nikolay Semyonov,/wiki/Nikolay_Semyonov
André Frédéric Cournand,/wiki/Andr%C3%A9_Fr%C3%A9d%C3%A9ric_Cournand
Werner Forssmann,/wiki/Werner_Forssmann
Dickinson W. Richards,/wiki/Dickinson_W._Richards
Juan Ramón Jiménez,/wiki/Juan_Ram%C3%B3n_Jim%C3%A9nez
Yang Chen-Ning,/wiki/Yang_Chen-Ning
Tsung-Dao Lee,/wiki/Tsung-Dao_Lee
The Lord Todd,/wiki/Alexander_R._Todd
Daniel Bovet,/wiki/Daniel_Bovet
Albert Camus,/wiki/Albert_Camus
Lester B. Pearson,/wiki/Lester_B._Pearson
Pavel Cherenkov,/wiki/Pavel_Cherenkov
Ilya Frank,/wiki/Ilya_Frank
Igor Tamm,/wiki/Igor_Tamm
Frederick Sanger,/wiki/Frederick_Sanger
George Beadle,/wiki/George_Beadle
Edward Tatum,/wiki/Edward_Tatum
Joshua Lederberg,/wiki/Joshua_Lederberg
Boris Pasternak,/wiki/Boris_Pasternak
[d],#cite_note-C-18
Dominique Pire,/wiki/Dominique_Pire
Emilio Segrè,/wiki/Emilio_Segr%C3%A8
Owen Chamberlain,/wiki/Owen_Chamberlain
Jaroslav Heyrovský,/wiki/Jaroslav_Heyrovsk%C3%BD
Arthur Kornberg,/wiki/Arthur_Kornberg
Severo Ochoa,/wiki/Severo_Ochoa
Salvatore Quasimodo,/wiki/Salvatore_Quasimodo
Philip Noel-Baker,/wiki/Philip_Noel-Baker
Donald A. Glaser,/wiki/Donald_A._Glaser
Willard Libby,/wiki/Willard_Libby
Macfarlane Burnet,/wiki/Macfarlane_Burnet
Peter Medawar,/wiki/Peter_Medawar
Saint-John Perse,/wiki/Saint-John_Perse
Albert Lutuli,/wiki/Albert_Lutuli
Robert Hofstadter,/wiki/Robert_Hofstadter
Rudolf Mössbauer,/wiki/Rudolf_M%C3%B6ssbauer
Melvin Calvin,/wiki/Melvin_Calvin
Georg von Békésy,/wiki/Georg_von_B%C3%A9k%C3%A9sy
Ivo Andrić,/wiki/Ivo_Andri%C4%87
Dag Hammarskjöld,/wiki/Dag_Hammarskj%C3%B6ld
Lev Landau,/wiki/Lev_Landau
Max Perutz,/wiki/Max_Perutz
John Kendrew,/wiki/John_Kendrew
Francis Crick,/wiki/Francis_Crick
James Watson,/wiki/James_Watson
Maurice Wilkins,/wiki/Maurice_Wilkins
John Steinbeck,/wiki/John_Steinbeck
Linus Pauling,/wiki/Linus_Pauling
Eugene Wigner,/wiki/Eugene_Wigner
Maria Goeppert Mayer,/wiki/Maria_Goeppert_Mayer
J. Hans D. Jensen,/wiki/J._Hans_D._Jensen
Karl Ziegler,/wiki/Karl_Ziegler
Giulio Natta,/wiki/Giulio_Natta
John Eccles,/wiki/John_Eccles_(neurophysiologist)
Alan Hodgkin,/wiki/Alan_Hodgkin
Andrew Huxley,/wiki/Andrew_Huxley
Giorgos Seferis,/wiki/Giorgos_Seferis
International Committee of the Red Cross,/wiki/International_Committee_of_the_Red_Cross
League of Red Cross societies,/wiki/International_Federation_of_Red_Cross_and_Red_Crescent_Societies
Charles H. Townes,/wiki/Charles_H._Townes
Nikolay Basov,/wiki/Nikolay_Basov
Alexander Prokhorov,/wiki/Alexander_Prokhorov
Dorothy Hodgkin,/wiki/Dorothy_Hodgkin
Konrad Emil Bloch,/wiki/Konrad_Emil_Bloch
Feodor Lynen,/wiki/Feodor_Lynen
Jean-Paul Sartre,/wiki/Jean-Paul_Sartre
[e],#cite_note-D-19
Martin Luther King Jr.,/wiki/Martin_Luther_King_Jr.
Shin'ichirō Tomonaga,/wiki/Shin%27ichir%C5%8D_Tomonaga
Julian Schwinger,/wiki/Julian_Schwinger
Richard Feynman,/wiki/Richard_Feynman
Robert Burns Woodward,/wiki/Robert_Burns_Woodward
François Jacob,/wiki/Fran%C3%A7ois_Jacob
André Michel Lwoff,/wiki/Andr%C3%A9_Michel_Lwoff
Jacques Monod,/wiki/Jacques_Monod
Mikhail Sholokhov,/wiki/Mikhail_Sholokhov
United Nations International Children's Emergency Fund,/wiki/UNICEF
Alfred Kastler,/wiki/Alfred_Kastler
Robert S. Mulliken,/wiki/Robert_S._Mulliken
Francis Peyton Rous,/wiki/Francis_Peyton_Rous
Charles Brenton Huggins,/wiki/Charles_Brenton_Huggins
Shmuel Yosef Agnon,/wiki/Shmuel_Yosef_Agnon
Nelly Sachs,/wiki/Nelly_Sachs
Hans Bethe,/wiki/Hans_Bethe
Manfred Eigen,/wiki/Manfred_Eigen
Ronald George Wreyford Norrish,/wiki/Ronald_George_Wreyford_Norrish
George Porter,/wiki/George_Porter
Ragnar Granit,/wiki/Ragnar_Granit
Haldan Keffer Hartline,/wiki/Haldan_Keffer_Hartline
George Wald,/wiki/George_Wald
Miguel Ángel Asturias,/wiki/Miguel_%C3%81ngel_Asturias
Luis Walter Alvarez,/wiki/Luis_Walter_Alvarez
Lars Onsager,/wiki/Lars_Onsager
Robert W. Holley,/wiki/Robert_W._Holley
Har Gobind Khorana,/wiki/Har_Gobind_Khorana
Marshall Warren Nirenberg,/wiki/Marshall_Warren_Nirenberg
Yasunari Kawabata,/wiki/Yasunari_Kawabata
René Cassin,/wiki/Ren%C3%A9_Cassin
Murray Gell-Mann,/wiki/Murray_Gell-Mann
Derek Barton,/wiki/Derek_Barton
Odd Hassel,/wiki/Odd_Hassel
Max Delbrück,/wiki/Max_Delbr%C3%BCck
Alfred Hershey,/wiki/Alfred_Hershey
Salvador Luria,/wiki/Salvador_Luria
Samuel Beckett,/wiki/Samuel_Beckett
International Labour Organization,/wiki/International_Labour_Organization
Ragnar Frisch,/wiki/Ragnar_Frisch
Jan Tinbergen,/wiki/Jan_Tinbergen
Hannes Alfvén,/wiki/Hannes_Alfv%C3%A9n
Louis Néel,/wiki/Louis_N%C3%A9el
Luis Federico Leloir,/wiki/Luis_Federico_Leloir
Julius Axelrod,/wiki/Julius_Axelrod
Ulf von Euler,/wiki/Ulf_von_Euler
Bernard Katz,/wiki/Bernard_Katz
Aleksandr Solzhenitsyn,/wiki/Aleksandr_Solzhenitsyn
Norman Borlaug,/wiki/Norman_Borlaug
Paul Samuelson,/wiki/Paul_Samuelson
Dennis Gabor,/wiki/Dennis_Gabor
Gerhard Herzberg,/wiki/Gerhard_Herzberg
Earl Wilbur Sutherland Jr.,/wiki/Earl_Wilbur_Sutherland_Jr.
Pablo Neruda,/wiki/Pablo_Neruda
Willy Brandt,/wiki/Willy_Brandt
Simon Kuznets,/wiki/Simon_Kuznets
John Bardeen,/wiki/John_Bardeen
Leon Cooper,/wiki/Leon_Cooper
John Robert Schrieffer,/wiki/John_Robert_Schrieffer
Christian B. Anfinsen,/wiki/Christian_B._Anfinsen
Stanford Moore,/wiki/Stanford_Moore
William Howard Stein,/wiki/William_Howard_Stein
Gerald Edelman,/wiki/Gerald_Edelman
Rodney Robert Porter,/wiki/Rodney_Robert_Porter
Heinrich Böll,/wiki/Heinrich_B%C3%B6ll
John Hicks,/wiki/John_Hicks
Kenneth Arrow,/wiki/Kenneth_Arrow
Leo Esaki,/wiki/Leo_Esaki
Ivar Giaever,/wiki/Ivar_Giaever
Brian Josephson,/wiki/Brian_Josephson
Ernst Otto Fischer,/wiki/Ernst_Otto_Fischer
Geoffrey Wilkinson,/wiki/Geoffrey_Wilkinson
Karl von Frisch,/wiki/Karl_von_Frisch
Konrad Lorenz,/wiki/Konrad_Lorenz
Nikolaas Tinbergen,/wiki/Nikolaas_Tinbergen
Patrick White,/wiki/Patrick_White
Henry Kissinger,/wiki/Henry_Kissinger
Lê Đức Thọ,/wiki/L%C3%AA_%C4%90%E1%BB%A9c_Th%E1%BB%8D
[f],#cite_note-E-20
Wassily Leontief,/wiki/Wassily_Leontief
Martin Ryle,/wiki/Martin_Ryle
Antony Hewish,/wiki/Antony_Hewish
Paul Flory,/wiki/Paul_Flory
Albert Claude,/wiki/Albert_Claude
Christian de Duve,/wiki/Christian_de_Duve
George Emil Palade,/wiki/George_Emil_Palade
Eyvind Johnson,/wiki/Eyvind_Johnson
Harry Martinson,/wiki/Harry_Martinson
Seán MacBride,/wiki/Se%C3%A1n_MacBride
Eisaku Satō,/wiki/Eisaku_Sat%C5%8D
Gunnar Myrdal,/wiki/Gunnar_Myrdal
Friedrich Hayek,/wiki/Friedrich_Hayek
Aage Bohr,/wiki/Aage_Bohr
Ben Roy Mottelson,/wiki/Ben_Roy_Mottelson
James Rainwater,/wiki/James_Rainwater
John Cornforth,/wiki/John_Cornforth
Vladimir Prelog,/wiki/Vladimir_Prelog
David Baltimore,/wiki/David_Baltimore
Renato Dulbecco,/wiki/Renato_Dulbecco
Howard Martin Temin,/wiki/Howard_Martin_Temin
Eugenio Montale,/wiki/Eugenio_Montale
Andrei Sakharov,/wiki/Andrei_Sakharov
Leonid Kantorovich,/wiki/Leonid_Kantorovich
Tjalling Koopmans,/wiki/Tjalling_Koopmans
Burton Richter,/wiki/Burton_Richter
Samuel C. C. Ting,/wiki/Samuel_C._C._Ting
William Lipscomb,/wiki/William_Lipscomb
Baruch Samuel Blumberg,/wiki/Baruch_Samuel_Blumberg
Daniel Carleton Gajdusek,/wiki/Daniel_Carleton_Gajdusek
Saul Bellow,/wiki/Saul_Bellow
Betty Williams,/wiki/Betty_Williams_(peace_activist)
Mairead Maguire,/wiki/Mairead_Maguire
Milton Friedman,/wiki/Milton_Friedman
Philip W. Anderson,/wiki/Philip_W._Anderson
Nevill Francis Mott,/wiki/Nevill_Francis_Mott
John Hasbrouck Van Vleck,/wiki/John_Hasbrouck_Van_Vleck
Ilya Prigogine,/wiki/Ilya_Prigogine
Roger Guillemin,/wiki/Roger_Guillemin
Andrew Schally,/wiki/Andrew_Schally
Rosalyn Sussman Yalow,/wiki/Rosalyn_Sussman_Yalow
Vicente Aleixandre,/wiki/Vicente_Aleixandre
Amnesty International,/wiki/Amnesty_International
Bertil Ohlin,/wiki/Bertil_Ohlin
James Meade,/wiki/James_Meade
Pyotr Kapitsa,/wiki/Pyotr_Kapitsa
Arno Allan Penzias,/wiki/Arno_Allan_Penzias
Robert Woodrow Wilson,/wiki/Robert_Woodrow_Wilson
Peter D. Mitchell,/wiki/Peter_D._Mitchell
Werner Arber,/wiki/Werner_Arber
Daniel Nathans,/wiki/Daniel_Nathans
Hamilton O. Smith,/wiki/Hamilton_O._Smith
Isaac Bashevis Singer,/wiki/Isaac_Bashevis_Singer
Anwar Sadat,/wiki/Anwar_Sadat
Menachem Begin,/wiki/Menachem_Begin
Herbert A. Simon,/wiki/Herbert_A._Simon
Sheldon Glashow,/wiki/Sheldon_Glashow
Abdus Salam,/wiki/Abdus_Salam
Steven Weinberg,/wiki/Steven_Weinberg
Herbert C. Brown,/wiki/Herbert_C._Brown
Georg Wittig,/wiki/Georg_Wittig
Allan McLeod Cormack,/wiki/Allan_McLeod_Cormack
Godfrey Hounsfield,/wiki/Godfrey_Hounsfield
Odysseas Elytis,/wiki/Odysseas_Elytis
Mother Teresa,/wiki/Mother_Teresa
Theodore Schultz,/wiki/Theodore_Schultz
W. Arthur Lewis,/wiki/W._Arthur_Lewis
James Cronin,/wiki/James_Cronin
Val Logsdon Fitch,/wiki/Val_Logsdon_Fitch
Paul Berg,/wiki/Paul_Berg
Walter Gilbert,/wiki/Walter_Gilbert
Frederick Sanger,/wiki/Frederick_Sanger
Baruj Benacerraf,/wiki/Baruj_Benacerraf
Jean Dausset,/wiki/Jean_Dausset
George Davis Snell,/wiki/George_Davis_Snell
Czesław Miłosz,/wiki/Czes%C5%82aw_Mi%C5%82osz
Adolfo Pérez Esquivel,/wiki/Adolfo_P%C3%A9rez_Esquivel
Lawrence Klein,/wiki/Lawrence_Klein
Nicolaas Bloembergen,/wiki/Nicolaas_Bloembergen
Arthur Leonard Schawlow,/wiki/Arthur_Leonard_Schawlow
Kai Siegbahn,/wiki/Kai_Siegbahn
Kenichi Fukui,/wiki/Kenichi_Fukui
Roald Hoffmann,/wiki/Roald_Hoffmann
Roger Wolcott Sperry,/wiki/Roger_Wolcott_Sperry
David H. Hubel,/wiki/David_H._Hubel
Torsten Wiesel,/wiki/Torsten_Wiesel
Elias Canetti,/wiki/Elias_Canetti
United Nations High Commissioner for Refugees,/wiki/United_Nations_High_Commissioner_for_Refugees
James Tobin,/wiki/James_Tobin
Kenneth G. Wilson,/wiki/Kenneth_G._Wilson
Aaron Klug,/wiki/Aaron_Klug
Sune Bergström,/wiki/Sune_Bergstr%C3%B6m
Bengt I. Samuelsson,/wiki/Bengt_I._Samuelsson
John Vane,/wiki/John_Vane
Gabriel García Márquez,/wiki/Gabriel_Garc%C3%ADa_M%C3%A1rquez
Alva Myrdal,/wiki/Alva_Myrdal
Alfonso García Robles,/wiki/Alfonso_Garc%C3%ADa_Robles
George Stigler,/wiki/George_Stigler
Subrahmanyan Chandrasekhar,/wiki/Subrahmanyan_Chandrasekhar
William Alfred Fowler,/wiki/William_Alfred_Fowler
Henry Taube,/wiki/Henry_Taube
Barbara McClintock,/wiki/Barbara_McClintock
William Golding,/wiki/William_Golding
Lech Wałęsa,/wiki/Lech_Wa%C5%82%C4%99sa
Gérard Debreu,/wiki/G%C3%A9rard_Debreu
Carlo Rubbia,/wiki/Carlo_Rubbia
Simon van der Meer,/wiki/Simon_van_der_Meer
Robert Bruce Merrifield,/wiki/Robert_Bruce_Merrifield
Niels Kaj Jerne,/wiki/Niels_Kaj_Jerne
Georges J. F. Köhler,/wiki/Georges_J._F._K%C3%B6hler
César Milstein,/wiki/C%C3%A9sar_Milstein
Jaroslav Seifert,/wiki/Jaroslav_Seifert
Desmond Tutu,/wiki/Desmond_Tutu
Richard Stone,/wiki/Richard_Stone
Klaus von Klitzing,/wiki/Klaus_von_Klitzing
Herbert A. Hauptman,/wiki/Herbert_A._Hauptman
Jerome Karle,/wiki/Jerome_Karle
Michael Stuart Brown,/wiki/Michael_Stuart_Brown
Joseph L. Goldstein,/wiki/Joseph_L._Goldstein
Claude Simon,/wiki/Claude_Simon
International Physicians for the Prevention of Nuclear War,/wiki/International_Physicians_for_the_Prevention_of_Nuclear_War
Franco Modigliani,/wiki/Franco_Modigliani
Ernst Ruska,/wiki/Ernst_Ruska
Gerd Binnig,/wiki/Gerd_Binnig
Heinrich Rohrer,/wiki/Heinrich_Rohrer
Dudley R. Herschbach,/wiki/Dudley_R._Herschbach
Yuan T. Lee,/wiki/Yuan_T._Lee
John Polanyi,/wiki/John_Polanyi
Stanley Cohen,/wiki/Stanley_Cohen_(biochemist)
Rita Levi-Montalcini,/wiki/Rita_Levi-Montalcini
Wole Soyinka,/wiki/Wole_Soyinka
Elie Wiesel,/wiki/Elie_Wiesel
James M. Buchanan,/wiki/James_M._Buchanan
Georg Bednorz,/wiki/Georg_Bednorz
K. Alex Müller,/wiki/K._Alex_M%C3%BCller
Donald J. Cram,/wiki/Donald_J._Cram
Jean-Marie Lehn,/wiki/Jean-Marie_Lehn
Charles J. Pedersen,/wiki/Charles_J._Pedersen
Susumu Tonegawa,/wiki/Susumu_Tonegawa
Joseph Brodsky,/wiki/Joseph_Brodsky
Óscar Arias,/wiki/%C3%93scar_Arias
Robert Solow,/wiki/Robert_Solow
Leon M. Lederman,/wiki/Leon_M._Lederman
Melvin Schwartz,/wiki/Melvin_Schwartz
Jack Steinberger,/wiki/Jack_Steinberger
Johann Deisenhofer,/wiki/Johann_Deisenhofer
Robert Huber,/wiki/Robert_Huber
Hartmut Michel,/wiki/Hartmut_Michel
James W. Black,/wiki/James_W._Black
Gertrude B. Elion,/wiki/Gertrude_B._Elion
George H. Hitchings,/wiki/George_H._Hitchings
Naguib Mahfouz,/wiki/Naguib_Mahfouz
United Nations peacekeeping forces,/wiki/United_Nations_peacekeeping
Maurice Allais,/wiki/Maurice_Allais
Norman Ramsey Jr.,/wiki/Norman_Ramsey_Jr.
Hans Georg Dehmelt,/wiki/Hans_Georg_Dehmelt
Wolfgang Paul,/wiki/Wolfgang_Paul
Sidney Altman,/wiki/Sidney_Altman
Thomas Cech,/wiki/Thomas_Cech
J. Michael Bishop,/wiki/J._Michael_Bishop
Harold E. Varmus,/wiki/Harold_E._Varmus
Camilo José Cela,/wiki/Camilo_Jos%C3%A9_Cela
Tenzin Gyatso (The 14th Dalai Lama),/wiki/14th_Dalai_Lama
Trygve Haavelmo,/wiki/Trygve_Haavelmo
Jerome Isaac Friedman,/wiki/Jerome_Isaac_Friedman
Henry Way Kendall,/wiki/Henry_Way_Kendall
Richard E. Taylor,/wiki/Richard_E._Taylor
Elias James Corey,/wiki/Elias_James_Corey
Joseph Murray,/wiki/Joseph_Murray
E. Donnall Thomas,/wiki/E._Donnall_Thomas
Octavio Paz,/wiki/Octavio_Paz
Mikhail Gorbachev,/wiki/Mikhail_Gorbachev
Harry Markowitz,/wiki/Harry_Markowitz
Merton Miller,/wiki/Merton_Miller
William F. Sharpe,/wiki/William_F._Sharpe
Pierre-Gilles de Gennes,/wiki/Pierre-Gilles_de_Gennes
Richard R. Ernst,/wiki/Richard_R._Ernst
Erwin Neher,/wiki/Erwin_Neher
Bert Sakmann,/wiki/Bert_Sakmann
Nadine Gordimer,/wiki/Nadine_Gordimer
Aung San Suu Kyi,/wiki/Aung_San_Suu_Kyi
Ronald Coase,/wiki/Ronald_Coase
Georges Charpak,/wiki/Georges_Charpak
Rudolph A. Marcus,/wiki/Rudolph_A._Marcus
Edmond H. Fischer,/wiki/Edmond_H._Fischer
Edwin G. Krebs,/wiki/Edwin_G._Krebs
Derek Walcott,/wiki/Derek_Walcott
Rigoberta Menchú,/wiki/Rigoberta_Mench%C3%BA
Gary Becker,/wiki/Gary_Becker
Russell Alan Hulse,/wiki/Russell_Alan_Hulse
Joseph Hooton Taylor Jr.,/wiki/Joseph_Hooton_Taylor_Jr.
Kary Mullis,/wiki/Kary_Mullis
Michael Smith,/wiki/Michael_Smith_(chemist)
Richard J. Roberts,/wiki/Richard_J._Roberts
Phillip Allen Sharp,/wiki/Phillip_Allen_Sharp
Toni Morrison,/wiki/Toni_Morrison
Nelson Mandela,/wiki/Nelson_Mandela
F. W. de Klerk,/wiki/F._W._de_Klerk
Robert Fogel,/wiki/Robert_Fogel
Douglass North,/wiki/Douglass_North
Bertram Brockhouse,/wiki/Bertram_Brockhouse
Clifford Shull,/wiki/Clifford_Shull
George Andrew Olah,/wiki/George_Andrew_Olah
Alfred G. Gilman,/wiki/Alfred_G._Gilman
Martin Rodbell,/wiki/Martin_Rodbell
Kenzaburō Ōe,/wiki/Kenzabur%C5%8D_%C5%8Ce
Yasser Arafat,/wiki/Yasser_Arafat
Shimon Peres,/wiki/Shimon_Peres
Yitzhak Rabin,/wiki/Yitzhak_Rabin
John Harsanyi,/wiki/John_Harsanyi
John Forbes Nash Jr.,/wiki/John_Forbes_Nash_Jr.
Reinhard Selten,/wiki/Reinhard_Selten
Martin Lewis Perl,/wiki/Martin_Lewis_Perl
Frederick Reines,/wiki/Frederick_Reines
Paul J. Crutzen,/wiki/Paul_J._Crutzen
Mario J. Molina,/wiki/Mario_J._Molina
F. Sherwood Rowland,/wiki/F._Sherwood_Rowland
Edward B. Lewis,/wiki/Edward_B._Lewis
Christiane Nüsslein-Volhard,/wiki/Christiane_N%C3%BCsslein-Volhard
Eric F. Wieschaus,/wiki/Eric_F._Wieschaus
Seamus Heaney,/wiki/Seamus_Heaney
Joseph Rotblat,/wiki/Joseph_Rotblat
Pugwash Conferences on Science and World Affairs,/wiki/Pugwash_Conferences_on_Science_and_World_Affairs
Robert Lucas Jr.,/wiki/Robert_Lucas_Jr.
David Lee,/wiki/David_Lee_(physicist)
Douglas Osheroff,/wiki/Douglas_Osheroff
Robert Coleman Richardson,/wiki/Robert_Coleman_Richardson
Robert Curl,/wiki/Robert_Curl
Harry Kroto,/wiki/Harry_Kroto
Richard Smalley,/wiki/Richard_Smalley
Peter C. Doherty,/wiki/Peter_C._Doherty
Rolf M. Zinkernagel,/wiki/Rolf_M._Zinkernagel
Wisława Szymborska,/wiki/Wis%C5%82awa_Szymborska
Carlos Filipe Ximenes Belo,/wiki/Carlos_Filipe_Ximenes_Belo
José Ramos-Horta,/wiki/Jos%C3%A9_Ramos-Horta
James Mirrlees,/wiki/James_Mirrlees
William Vickrey,/wiki/William_Vickrey
Steven Chu,/wiki/Steven_Chu
Claude Cohen-Tannoudji,/wiki/Claude_Cohen-Tannoudji
William Daniel Phillips,/wiki/William_Daniel_Phillips
Paul D. Boyer,/wiki/Paul_D._Boyer
John E. Walker,/wiki/John_E._Walker
Jens Christian Skou,/wiki/Jens_Christian_Skou
Stanley B. Prusiner,/wiki/Stanley_B._Prusiner
Dario Fo,/wiki/Dario_Fo
International Campaign to Ban Landmines,/wiki/International_Campaign_to_Ban_Landmines
Jody Williams,/wiki/Jody_Williams
Robert C. Merton,/wiki/Robert_C._Merton
Myron Scholes,/wiki/Myron_Scholes
Robert B. Laughlin,/wiki/Robert_B._Laughlin
Horst Ludwig Störmer,/wiki/Horst_Ludwig_St%C3%B6rmer
Daniel C. Tsui,/wiki/Daniel_C._Tsui
Walter Kohn,/wiki/Walter_Kohn
John Pople,/wiki/John_Pople
Robert F. Furchgott,/wiki/Robert_F._Furchgott
Louis Ignarro,/wiki/Louis_Ignarro
Ferid Murad,/wiki/Ferid_Murad
José Saramago,/wiki/Jos%C3%A9_Saramago
John Hume,/wiki/John_Hume
David Trimble,/wiki/David_Trimble
Amartya Sen,/wiki/Amartya_Sen
Gerard 't Hooft,/wiki/Gerard_%27t_Hooft
Martinus J. G. Veltman,/wiki/Martinus_J._G._Veltman
Ahmed Zewail,/wiki/Ahmed_Zewail
Günter Blobel,/wiki/G%C3%BCnter_Blobel
Günter Grass,/wiki/G%C3%BCnter_Grass
Médecins Sans Frontières,/wiki/M%C3%A9decins_Sans_Fronti%C3%A8res
Robert Mundell,/wiki/Robert_Mundell
Jack Kilby,/wiki/Jack_Kilby
Zhores Alferov,/wiki/Zhores_Alferov
Herbert Kroemer,/wiki/Herbert_Kroemer
Alan J. Heeger,/wiki/Alan_J._Heeger
Alan MacDiarmid,/wiki/Alan_MacDiarmid
Hideki Shirakawa,/wiki/Hideki_Shirakawa
Arvid Carlsson,/wiki/Arvid_Carlsson
Paul Greengard,/wiki/Paul_Greengard
Eric Kandel,/wiki/Eric_Kandel
Gao Xingjian,/wiki/Gao_Xingjian
Kim Dae-jung,/wiki/Kim_Dae-jung
James Heckman,/wiki/James_Heckman
Daniel McFadden,/wiki/Daniel_McFadden
Eric Allin Cornell,/wiki/Eric_Allin_Cornell
Wolfgang Ketterle,/wiki/Wolfgang_Ketterle
Carl Wieman,/wiki/Carl_Wieman
William Standish Knowles,/wiki/William_Standish_Knowles
Ryōji Noyori,/wiki/Ry%C5%8Dji_Noyori
Karl Barry Sharpless,/wiki/Karl_Barry_Sharpless
Leland H. Hartwell,/wiki/Leland_H._Hartwell
Tim Hunt,/wiki/Tim_Hunt
Paul Nurse,/wiki/Paul_Nurse
V. S. Naipaul,/wiki/V._S._Naipaul
United Nations,/wiki/United_Nations
Kofi Annan,/wiki/Kofi_Annan
George Akerlof,/wiki/George_Akerlof
Michael Spence,/wiki/Michael_Spence
Joseph Stiglitz,/wiki/Joseph_Stiglitz
Riccardo Giacconi,/wiki/Riccardo_Giacconi
Raymond Davis Jr.,/wiki/Raymond_Davis_Jr.
Masatoshi Koshiba,/wiki/Masatoshi_Koshiba
John B. Fenn,/wiki/John_B._Fenn
Koichi Tanaka,/wiki/Koichi_Tanaka
Kurt Wüthrich,/wiki/Kurt_W%C3%BCthrich
Sydney Brenner,/wiki/Sydney_Brenner
H. Robert Horvitz,/wiki/H._Robert_Horvitz
John Sulston,/wiki/John_Sulston
Imre Kertész,/wiki/Imre_Kert%C3%A9sz
Jimmy Carter,/wiki/Jimmy_Carter
Daniel Kahneman,/wiki/Daniel_Kahneman
Vernon L. Smith,/wiki/Vernon_L._Smith
Alexei Abrikosov,/wiki/Alexei_Abrikosov_(physicist)
Vitaly Ginzburg,/wiki/Vitaly_Ginzburg
Anthony James Leggett,/wiki/Anthony_James_Leggett
Peter Agre,/wiki/Peter_Agre
Roderick MacKinnon,/wiki/Roderick_MacKinnon
Paul Lauterbur,/wiki/Paul_Lauterbur
Peter Mansfield,/wiki/Peter_Mansfield
J. M. Coetzee,/wiki/J._M._Coetzee
Shirin Ebadi,/wiki/Shirin_Ebadi
Robert F. Engle,/wiki/Robert_F._Engle
Clive Granger,/wiki/Clive_Granger
David Gross,/wiki/David_Gross
Hugh David Politzer,/wiki/Hugh_David_Politzer
Frank Wilczek,/wiki/Frank_Wilczek
Aaron Ciechanover,/wiki/Aaron_Ciechanover
Avram Hershko,/wiki/Avram_Hershko
Irwin Rose,/wiki/Irwin_Rose
Richard Axel,/wiki/Richard_Axel
Linda B. Buck,/wiki/Linda_B._Buck
Elfriede Jelinek,/wiki/Elfriede_Jelinek
Wangari Maathai,/wiki/Wangari_Maathai
Finn E. Kydland,/wiki/Finn_E._Kydland
Edward C. Prescott,/wiki/Edward_C._Prescott
Roy J. Glauber,/wiki/Roy_J._Glauber
John L. Hall,/wiki/John_L._Hall
Theodor W. Hänsch,/wiki/Theodor_W._H%C3%A4nsch
Yves Chauvin,/wiki/Yves_Chauvin
Robert H. Grubbs,/wiki/Robert_H._Grubbs
Richard R. Schrock,/wiki/Richard_R._Schrock
Barry Marshall,/wiki/Barry_Marshall
Robin Warren,/wiki/Robin_Warren
Harold Pinter,/wiki/Harold_Pinter
International Atomic Energy Agency,/wiki/International_Atomic_Energy_Agency
Mohamed ElBaradei,/wiki/Mohamed_ElBaradei
Robert Aumann,/wiki/Robert_Aumann
Thomas Schelling,/wiki/Thomas_Schelling
John C. Mather,/wiki/John_C._Mather
George Smoot,/wiki/George_Smoot
Roger D. Kornberg,/wiki/Roger_D._Kornberg
Andrew Fire,/wiki/Andrew_Fire
Craig Mello,/wiki/Craig_Mello
Orhan Pamuk,/wiki/Orhan_Pamuk
Muhammad Yunus,/wiki/Muhammad_Yunus
Grameen Bank,/wiki/Grameen_Bank
Edmund Phelps,/wiki/Edmund_Phelps
Albert Fert,/wiki/Albert_Fert
Peter Grünberg,/wiki/Peter_Gr%C3%BCnberg
Gerhard Ertl,/wiki/Gerhard_Ertl
Mario Capecchi,/wiki/Mario_Capecchi
Martin Evans,/wiki/Martin_Evans
Oliver Smithies,/wiki/Oliver_Smithies
Doris Lessing,/wiki/Doris_Lessing
Intergovernmental Panel on Climate Change,/wiki/Intergovernmental_Panel_on_Climate_Change
Al Gore,/wiki/Al_Gore
Leonid Hurwicz,/wiki/Leonid_Hurwicz
Eric Maskin,/wiki/Eric_Maskin
Roger Myerson,/wiki/Roger_Myerson
Yoichiro Nambu,/wiki/Yoichiro_Nambu
Makoto Kobayashi,/wiki/Makoto_Kobayashi_(physicist)
Toshihide Maskawa,/wiki/Toshihide_Maskawa
Osamu Shimomura,/wiki/Osamu_Shimomura
Martin Chalfie,/wiki/Martin_Chalfie
Roger Y. Tsien,/wiki/Roger_Y._Tsien
Harald zur Hausen,/wiki/Harald_zur_Hausen
Françoise Barré-Sinoussi,/wiki/Fran%C3%A7oise_Barr%C3%A9-Sinoussi
Luc Montagnier,/wiki/Luc_Montagnier
J. M. G. Le Clézio,/wiki/J._M._G._Le_Cl%C3%A9zio
Martti Ahtisaari,/wiki/Martti_Ahtisaari
Paul Krugman,/wiki/Paul_Krugman
Charles K. Kao,/wiki/Charles_K._Kao
Willard S. Boyle,/wiki/Willard_Boyle
George E. Smith,/wiki/George_E._Smith
Venkatraman Ramakrishnan,/wiki/Venkatraman_Ramakrishnan
Thomas A. Steitz,/wiki/Thomas_A._Steitz
Ada Yonath,/wiki/Ada_Yonath
Elizabeth Blackburn,/wiki/Elizabeth_Blackburn
Carol W. Greider,/wiki/Carol_W._Greider
Jack W. Szostak,/wiki/Jack_W._Szostak
Herta Müller,/wiki/Herta_M%C3%BCller
Barack Obama,/wiki/Barack_Obama
Elinor Ostrom,/wiki/Elinor_Ostrom
Oliver E. Williamson,/wiki/Oliver_E._Williamson
Andre Geim,/wiki/Andre_Geim
Konstantin Novoselov,/wiki/Konstantin_Novoselov
Richard F. Heck,/wiki/Richard_F._Heck
Ei-ichi Negishi,/wiki/Ei-ichi_Negishi
Akira Suzuki,/wiki/Akira_Suzuki_(chemist)
Robert Edwards,/wiki/Robert_Edwards_(physiologist)
Mario Vargas Llosa,/wiki/Mario_Vargas_Llosa
Liu Xiaobo,/wiki/Liu_Xiaobo
[g],#cite_note-F-22
Peter A. Diamond,/wiki/Peter_Diamond
Dale T. Mortensen,/wiki/Dale_T._Mortensen
Christopher A. Pissarides,/wiki/Christopher_A._Pissarides
Saul Perlmutter,/wiki/Saul_Perlmutter
Adam Riess,/wiki/Adam_Riess
Brian Schmidt,/wiki/Brian_Schmidt
Dan Shechtman,/wiki/Dan_Shechtman
Bruce Beutler,/wiki/Bruce_Beutler
Jules A. Hoffmann,/wiki/Jules_A._Hoffmann
Ralph M. Steinman,/wiki/Ralph_M._Steinman
Tomas Tranströmer,/wiki/Tomas_Transtr%C3%B6mer
Ellen Johnson Sirleaf,/wiki/Ellen_Johnson_Sirleaf
Leymah Gbowee,/wiki/Leymah_Gbowee
Tawakel Karman,/wiki/Tawakel_Karman
Thomas J. Sargent,/wiki/Thomas_J._Sargent
Christopher A. Sims,/wiki/Christopher_A._Sims
Serge Haroche,/wiki/Serge_Haroche
David J. Wineland,/wiki/David_J._Wineland
Brian K. Kobilka,/wiki/Brian_Kobilka
Robert J. Lefkowitz,/wiki/Robert_Lefkowitz
John B. Gurdon,/wiki/John_Gurdon
Shinya Yamanaka,/wiki/Shinya_Yamanaka
Mo Yan,/wiki/Mo_Yan
European Union,/wiki/European_Union
Alvin E. Roth,/wiki/Alvin_E._Roth
Lloyd S. Shapley,/wiki/Lloyd_Shapley
François Englert,/wiki/Fran%C3%A7ois_Englert
Peter W. Higgs,/wiki/Peter_Higgs
Martin Karplus,/wiki/Martin_Karplus
Michael Levitt,/wiki/Michael_Levitt_(biophysicist)
Arieh Warshel,/wiki/Arieh_Warshel
James E. Rothman,/wiki/James_Rothman
Randy W. Schekman,/wiki/Randy_W._Schekman
Thomas C. Südhof,/wiki/Thomas_C._S%C3%BCdhof
Alice Munro,/wiki/Alice_Munro
Organisation for the Prohibition of Chemical Weapons,/wiki/Organisation_for_the_Prohibition_of_Chemical_Weapons
Eugene F. Fama,/wiki/Eugene_Fama
Lars Peter Hansen,/wiki/Lars_Peter_Hansen
Robert J. Shiller,/wiki/Robert_Shiller
Isamu Akasaki,/wiki/Isamu_Akasaki
Hiroshi Amano,/wiki/Hiroshi_Amano
Shuji Nakamura,/wiki/Shuji_Nakamura
Eric Betzig,/wiki/Eric_Betzig
Stefan Hell,/wiki/Stefan_Hell
William Moerner,/wiki/William_Moerner
John O'Keefe,/wiki/John_O%27Keefe_(neuroscientist)
May-Britt Moser,/wiki/May-Britt_Moser
Edvard Moser,/wiki/Edvard_Moser
Patrick Modiano,/wiki/Patrick_Modiano
Kailash Satyarthi,/wiki/Kailash_Satyarthi
Malala Yousafzai,/wiki/Malala_Yousafzai
Jean Tirole,/wiki/Jean_Tirole
Takaaki Kajita,/wiki/Takaaki_Kajita
Arthur B. McDonald,/wiki/Arthur_B._McDonald
Tomas Lindahl,/wiki/Tomas_Lindahl
Paul L. Modrich,/wiki/Paul_Modrich
Aziz Sancar,/wiki/Aziz_Sancar
William C. Campbell,/wiki/William_C._Campbell_(scientist)
Satoshi Ōmura,/wiki/Satoshi_%C5%8Cmura
Tu Youyou,/wiki/Tu_Youyou
Svetlana Alexievich,/wiki/Svetlana_Alexievich
Tunisian National Dialogue Quartet,/wiki/Tunisian_National_Dialogue_Quartet
Angus Deaton,/wiki/Angus_Deaton
David J. Thouless,/wiki/David_J._Thouless
Duncan Haldane,/wiki/Duncan_Haldane
John M. Kosterlitz,/wiki/John_M._Kosterlitz
Jean-Pierre Sauvage,/wiki/Jean-Pierre_Sauvage
Fraser Stoddart,/wiki/Fraser_Stoddart
Ben Feringa,/wiki/Ben_Feringa
Yoshinori Ohsumi,/wiki/Yoshinori_Ohsumi
Bob Dylan,/wiki/Bob_Dylan
Juan Manuel Santos,/wiki/Juan_Manuel_Santos
Oliver Hart,/wiki/Oliver_Hart_(economist)
Bengt R. Holmström,/wiki/Bengt_R._Holmstr%C3%B6m
Rainer Weiss,/wiki/Rainer_Weiss
Barry Barish,/wiki/Barry_Barish
Kip Thorne,/wiki/Kip_Thorne
Jacques Dubochet,/wiki/Jacques_Dubochet
Joachim Frank,/wiki/Joachim_Frank
Richard Henderson,/wiki/Richard_Henderson_(biologist)
Jeffrey C. Hall,/wiki/Jeffrey_C._Hall
Michael Rosbash,/wiki/Michael_Rosbash
Michael W. Young,/wiki/Michael_W._Young
Kazuo Ishiguro,/wiki/Kazuo_Ishiguro
International Campaign to Abolish Nuclear Weapons,/wiki/International_Campaign_to_Abolish_Nuclear_Weapons
Richard Thaler,/wiki/Richard_Thaler
Arthur Ashkin,/wiki/Arthur_Ashkin
Gérard Mourou,/wiki/G%C3%A9rard_Mourou
Donna Strickland,/wiki/Donna_Strickland
Frances H. Arnold,/wiki/Frances_H._Arnold
George Smith,/wiki/George_Smith_(chemist)
Greg Winter,/wiki/Greg_Winter
James P. Allison,/wiki/James_P._Allison
Tasuku Honjo,/wiki/Tasuku_Honjo
Olga Tokarczuk,/wiki/Olga_Tokarczuk
[h],#cite_note-G-24
Denis Mukwege,/wiki/Denis_Mukwege
Nadia Murad,/wiki/Nadia_Murad
William Nordhaus,/wiki/William_Nordhaus
Paul Romer,/wiki/Paul_Romer
Jim Peebles,/wiki/Jim_Peebles
Michel Mayor,/wiki/Michel_Mayor
Didier Queloz,/wiki/Didier_Queloz
John B. Goodenough,/wiki/John_B._Goodenough
M. Stanley Whittingham,/wiki/M._Stanley_Whittingham
Akira Yoshino,/wiki/Akira_Yoshino
William Kaelin Jr.,/wiki/William_Kaelin_Jr.
Peter J. Ratcliffe,/wiki/Peter_J._Ratcliffe
Gregg L. Semenza,/wiki/Gregg_L._Semenza
Peter Handke,/wiki/Peter_Handke
Abiy Ahmed,/wiki/Abiy_Ahmed
Abhijit Banerjee,/wiki/Abhijit_Banerjee
Esther Duflo,/wiki/Esther_Duflo
Michael Kremer,/wiki/Michael_Kremer
Roger Penrose,/wiki/Roger_Penrose
Reinhard Genzel,/wiki/Reinhard_Genzel
Andrea M. Ghez,/wiki/Andrea_M._Ghez
Emmanuelle Charpentier,/wiki/Emmanuelle_Charpentier
Jennifer Doudna,/wiki/Jennifer_Doudna
Harvey J. Alter,/wiki/Harvey_J._Alter
Michael Houghton,/wiki/Michael_Houghton_(virologist)
Charles M. Rice,/wiki/Charles_M._Rice
Louise Glück,/wiki/Louise_Gl%C3%BCck
World Food Programme,/wiki/World_Food_Programme
Paul Milgrom,/wiki/Paul_Milgrom
Robert B. Wilson,/wiki/Robert_B._Wilson
Giorgio Parisi,/wiki/Giorgio_Parisi
Klaus Hasselmann,/wiki/Klaus_Hasselmann
Syukuro Manabe,/wiki/Syukuro_Manabe
Benjamin List,/wiki/Benjamin_List
David MacMillan,/wiki/David_MacMillan
David Julius,/wiki/David_Julius
Ardem Patapoutian,/wiki/Ardem_Patapoutian
Abdulrazak Gurnah,/wiki/Abdulrazak_Gurnah
Maria Ressa,/wiki/Maria_Ressa
Dmitry Muratov,/wiki/Dmitry_Muratov
David Card,/wiki/David_Card
Joshua Angrist,/wiki/Joshua_Angrist
Guido Imbens,/wiki/Guido_Imbens
Alain Aspect,/wiki/Alain_Aspect
John Clauser,/wiki/John_Clauser
Anton Zeilinger,/wiki/Anton_Zeilinger
Carolyn Bertozzi,/wiki/Carolyn_Bertozzi
Morten P. Meldal,/wiki/Morten_P._Meldal
Karl Barry Sharpless,/wiki/Karl_Barry_Sharpless
Svante Pääbo,/wiki/Svante_P%C3%A4%C3%A4bo
Annie Ernaux,/wiki/Annie_Ernaux
Ales Bialiatski,/wiki/Ales_Bialiatski
Memorial,/wiki/Memorial_(society)
Centre for Civil Liberties,/wiki/Center_for_Civil_Liberties_(human_rights_organization)
Ben Bernanke,/wiki/Ben_Bernanke
Douglas Diamond,/wiki/Douglas_Diamond
Philip H. Dybvig,/wiki/Philip_H._Dybvig
Pierre Agostini,/wiki/Pierre_Agostini
Ferenc Krausz,/wiki/Ferenc_Krausz
Anne L'Huillier,/wiki/Anne_L%27Huillier
Moungi Bawendi,/wiki/Moungi_Bawendi
Louis E. Brus,/wiki/Louis_E._Brus
Alexey Ekimov,/wiki/Alexey_Ekimov
Katalin Karikó,/wiki/Katalin_Karik%C3%B3
Drew Weissman,/wiki/Drew_Weissman
Jon Fosse,/wiki/Jon_Fosse
Narges Mohammadi,/wiki/Narges_Mohammadi
Claudia Goldin,/wiki/Claudia_Goldin
John Hopfield,/wiki/John_Hopfield
Geoffrey Hinton,/wiki/Geoffrey_Hinton
David Baker,/wiki/David_Baker_(biochemist)
Demis Hassabis,/wiki/Demis_Hassabis
John M. Jumper,/wiki/John_M._Jumper
Victor Ambros,/wiki/Victor_Ambros
Gary Ruvkun,/wiki/Gary_Ruvkun
Han Kang,/wiki/Han_Kang
Nihon Hidankyo,/wiki/Nihon_Hidankyo
Daron Acemoglu,/wiki/Daron_Acemoglu
Simon Johnson,/wiki/Simon_Johnson_(economist)
James A. Robinson,/wiki/James_A._Robinson
Physics,/wiki/List_of_Nobel_laureates_in_Physics
Chemistry,/wiki/List_of_Nobel_laureates_in_Chemistry
Physiologyor Medicine,/wiki/List_of_Nobel_laureates_in_Physiology_or_Medicine
Literature,/wiki/List_of_Nobel_laureates_in_Literature
Peace,/wiki/List_of_Nobel_Peace_Prize_laureates
Economics,/wiki/List_of_Nobel_laureates_in_Economics
[17],#cite_note-25
[18],#cite_note-26
Lists of Nobel laureates,/wiki/Category:Lists_of_Nobel_laureates
List of Nobel laureates by country,/wiki/List_of_Nobel_laureates_by_country
List of Nobel laureates by university affiliation,/wiki/List_of_Nobel_laureates_by_university_affiliation
List of female Nobel laureates,/wiki/List_of_female_Nobel_laureates
List of nominees for the Nobel Prize in Literature,/wiki/List_of_nominees_for_the_Nobel_Prize_in_Literature
List of nominees for the Nobel Prize in Chemistry,/wiki/List_of_nominees_for_the_Nobel_Prize_in_Chemistry
List of nominees for the Nobel Prize in Physics,/wiki/List_of_nominees_for_the_Nobel_Prize_in_Physics
List of female nominees for the Nobel Prize,/wiki/List_of_female_nominees_for_the_Nobel_Prize
List of individuals nominated for the Nobel Peace Prize,/wiki/List_of_individuals_nominated_for_the_Nobel_Peace_Prize
List of organizations nominated for the Nobel Peace Prize,/wiki/List_of_organizations_nominated_for_the_Nobel_Peace_Prize
^,#cite_ref-14
a,#cite_ref-A_15-0
b,#cite_ref-A_15-1
c,#cite_ref-A_15-2
Richard Kuhn,/wiki/Richard_Kuhn
Adolf Butenandt,/wiki/Adolf_Butenandt
Gerhard Domagk,/wiki/Gerhard_Domagk
[11],#cite_note-NobelFacts-11
^,#cite_ref-B_17-0
Mohandas Karamchand Gandhi,/wiki/Mohandas_Karamchand_Gandhi
[14],#cite_note-16
^,#cite_ref-C_18-0
Boris Pasternak,/wiki/Boris_Pasternak
Soviet Union,/wiki/Soviet_Union
[11],#cite_note-NobelFacts-11
^,#cite_ref-D_19-0
Jean-Paul Sartre,/wiki/Jean-Paul_Sartre
[11],#cite_note-NobelFacts-11
^,#cite_ref-E_20-0
Lê Đức Thọ,/wiki/L%C3%AA_%C4%90%E1%BB%A9c_Th%E1%BB%8D
Paris Peace Accords,/wiki/Paris_Peace_Accords
Vietnam War,/wiki/Vietnam_War
[7],#cite_note-PeacePrizeArticle-7
[11],#cite_note-NobelFacts-11
^,#cite_ref-F_22-0
Liu Xiaobo,/wiki/Liu_Xiaobo
[15],#cite_note-21
^,#cite_ref-G_24-0
Swedish Academy,/wiki/Swedish_Academy
[16],#cite_note-23
^,#cite_ref-1
"""Alfred Nobel – The Man Behind the Nobel Prize""",http://nobelprize.org/alfred_nobel/
Nobel Foundation,/wiki/Nobel_Foundation
Archived,https://web.archive.org/web/20071025001741/http://nobelprize.org/alfred_nobel/
a,#cite_ref-NobelPrizeDescription_2-0
b,#cite_ref-NobelPrizeDescription_2-1
"""The Nobel Prize""",http://nobelprize.org/nobel_prizes/
Archived,https://web.archive.org/web/20081015012957/http://nobelprize.org/nobel_prizes/
^,#cite_ref-3
"""The Nobel Prize Awarders""",https://web.archive.org/web/20081015013145/http://nobelprize.org/prize_awarders/
the original,http://nobelprize.org/prize_awarders/
^,#cite_ref-4
"""The Nobel Prize Amounts""",https://web.archive.org/web/20180615112534/https://www.nobelprize.org/nobel_prizes/about/amounts/prize_amounts_18.pdf
the original,https://www.nobelprize.org/nobel_prizes/about/amounts/prize_amounts_18.pdf
^,#cite_ref-5
"""The Nobel Prize Award Ceremonies""",https://web.archive.org/web/20080822184717/http://nobelprize.org/award_ceremonies/
the original,http://nobelprize.org/award_ceremonies/
^,#cite_ref-Winners1942_6-0
"""List of All Nobel Laureates 1942""",https://web.archive.org/web/20081208204301/http://nobelprize.org/nobel_prizes/lists/1942.html
the original,http://nobelprize.org/nobel_prizes/lists/1942.html
a,#cite_ref-PeacePrizeArticle_7-0
b,#cite_ref-PeacePrizeArticle_7-1
"""The Nobel Peace Prize 1901-2000""",http://nobelprize.org/nobel_prizes/peace/articles/lundestad-review/index.html
Archived,https://web.archive.org/web/20081219224814/http://nobelprize.org/nobel_prizes/peace/articles/lundestad-review/index.html
^,#cite_ref-8
"""All Nobel Prizes""",https://www.nobelprize.org/nobel_prizes/lists/all/index.html
Archived,https://web.archive.org/web/20180406045423/https://www.nobelprize.org/nobel_prizes/lists/all/index.html
^,#cite_ref-9
"""Norwegian Nobel Committee mourns Liu Xiaobo, statement by Chair Berit Reiss-Andersen""",https://web.archive.org/web/20190420092045/https://www.nobelpeaceprize.org/Press/Press-Releases2/Norwegian-Nobel-Committee-mourns-Liu-Xiaobo-statement-by-Chair-Berit-Reiss-Andersen
the original,https://www.nobelpeaceprize.org/Press/Press-Releases2/Norwegian-Nobel-Committee-mourns-Liu-Xiaobo-statement-by-Chair-Berit-Reiss-Andersen
^,#cite_ref-10
"""Liu Xiaobo Isn't the First Nobel Laureate Barred From Accepting His Prize""",https://web.archive.org/web/20101221234853/http://www.aolnews.com/2010/11/18/liu-xiaobo-isnt-the-first-nobel-laureate-barred-from-accepting/
the original,http://www.aolnews.com/2010/11/18/liu-xiaobo-isnt-the-first-nobel-laureate-barred-from-accepting/
a,#cite_ref-NobelFacts_11-0
b,#cite_ref-NobelFacts_11-1
c,#cite_ref-NobelFacts_11-2
d,#cite_ref-NobelFacts_11-3
e,#cite_ref-NobelFacts_11-4
f,#cite_ref-NobelFacts_11-5
"""Nobel Prize Facts""",https://www.nobelprize.org/nobel_prizes/facts/
Archived,https://web.archive.org/web/20170708135926/https://www.nobelprize.org/nobel_prizes/facts/
^,#cite_ref-WomenLaureates_12-0
"""Women Nobel Laureates""",http://nobelprize.org/nobel_prizes/lists/women.html
Archived,https://web.archive.org/web/20080928215436/http://nobelprize.org/nobel_prizes/lists/women.html
^,#cite_ref-13
"""Nomination and selection of Laureates in Economic Sciences""",https://www.nobelprize.org/nomination/economic-sciences/
Archived,https://web.archive.org/web/20200510012450/https://www.nobelprize.org/nomination/economic-sciences/
^,#cite_ref-16
"""Mahatma Gandhi, the Missing Laureates""",http://nobelprize.org/nobel_prizes/peace/articles/gandhi/index.html
Archived,https://web.archive.org/web/20100109111533/http://nobelprize.org/nobel_prizes/peace/articles/gandhi/index.html
^,#cite_ref-21
"""The Nobel Peace Prize 2010 - Presentation Speech""",http://nobelprize.org/nobel_prizes/peace/laureates/2010/presentation-speech.html
Archived,https://web.archive.org/web/20111105135039/http://www.nobelprize.org/nobel_prizes/peace/laureates/2010/presentation-speech.html
^,#cite_ref-23
"""Two Nobel literature prizes to be awarded after sexual assault scandal""",https://www.theguardian.com/books/2019/oct/10/nobel-prize-for-literature-to-be-awarded-twice-after-sexual-assault-scandal
Archived,https://web.archive.org/web/20191010091152/https://www.theguardian.com/books/2019/oct/10/nobel-prize-for-literature-to-be-awarded-twice-after-sexual-assault-scandal
^,#cite_ref-25
"""Nomination and selection of Nobel Peace Prize laureates""",https://www.nobelprize.org/nomination/peace/
Archived,https://web.archive.org/web/20200510012449/https://www.nobelprize.org/nomination/peace/
^,#cite_ref-26
"""Confidentiality - Nobel Peace Prize""",https://www.nobelpeaceprize.org/nobel-peace-prize/nomination/confidentiality
Archived,https://web.archive.org/web/20221009155536/https://www.nobelpeaceprize.org/nobel-peace-prize/nomination/confidentiality
"""All Nobel Laureates in Physics""",http://nobelprize.org/nobel_prizes/physics/laureates/
Nobel Foundation,/wiki/Nobel_Foundation
Archived,https://web.archive.org/web/20181226100936/https://www.nobelprize.org/prizes/lists/all-nobel-prizes-in-physics/
"""All Nobel Laureates in Chemistry""",http://nobelprize.org/nobel_prizes/chemistry/laureates/
Archived,https://web.archive.org/web/20160603000503/https://www.nobelprize.org/nobel_prizes/chemistry/laureates/
"""All Nobel Laureates in Medicine""",http://nobelprize.org/nobel_prizes/medicine/laureates/
Archived,https://web.archive.org/web/20160602183732/https://www.nobelprize.org/nobel_prizes/medicine/laureates/
"""All Nobel Laureates in Literature""",http://nobelprize.org/nobel_prizes/literature/laureates/
Archived,https://web.archive.org/web/20110529091551/http://nobelprize.org/nobel_prizes/literature/laureates/
"""All Nobel Peace Prize Laureates""",http://nobelprize.org/nobel_prizes/peace/laureates/
Archived,https://web.archive.org/web/20181226100955/https://www.nobelprize.org/prizes/lists/all-nobel-peace-prizes/
"""All Laureates in Economics""",http://nobelprize.org/nobel_prizes/economics/laureates/
Archived,https://web.archive.org/web/20130601161045/http://www.nobelprize.org/nobel_prizes/economics/laureates/
Nobel laureates,https://commons.wikimedia.org/wiki/Category:Nobel_laureates
Official website of the Royal Swedish Academy of Sciences,http://www.kva.se/en/
Archived,https://web.archive.org/web/20171121112326/http://www.kva.se/en
Wayback Machine,/wiki/Wayback_Machine
Official website of the Nobel Foundation,http://nobelprize.org/
Archived,https://web.archive.org/web/20060405023917/http://nobelprize.org/
Wayback Machine,/wiki/Wayback_Machine
Downloadable Database of Nobel Laureates,http://www.aggdata.com/awards/nobel_prize_winners
Archived,https://web.archive.org/web/20120513002038/http://www.aggdata.com/awards/nobel_prize_winners
Wayback Machine,/wiki/Wayback_Machine
v,/wiki/Template:Nobel_Prizes
t,/wiki/Template_talk:Nobel_Prizes
e,/wiki/Special:EditPage/Template:Nobel_Prizes
Nobel Prizes,/wiki/Nobel_Prize
Lists of Nobel laureates,/wiki/Lists_of_Nobel_laureates
Nobel Prize medal,/wiki/Nobel_Prize_medal
Chemistry,/wiki/Nobel_Prize_in_Chemistry
Economics,/wiki/Nobel_Memorial_Prize_in_Economic_Sciences
Literature,/wiki/Nobel_Prize_in_Literature
Peace,/wiki/Nobel_Peace_Prize
Physics,/wiki/Nobel_Prize_in_Physics
Physiology or Medicine,/wiki/Nobel_Prize_in_Physiology_or_Medicine
,/wiki/File:Nobel_Prize.png
Heads of state and government,/wiki/List_of_heads_of_state_and_government_Nobel_laureates
Chemistry,/wiki/List_of_Nobel_laureates_in_Chemistry
Economics,/wiki/List_of_Nobel_Memorial_Prize_laureates_in_Economic_Sciences
Literature,/wiki/List_of_Nobel_laureates_in_Literature
Peace,/wiki/List_of_Nobel_Peace_Prize_laureates
Physics,/wiki/List_of_Nobel_laureates_in_Physics
Physiology or Medicine,/wiki/List_of_Nobel_laureates_in_Physiology_or_Medicine
Bengali,/wiki/List_of_Bengali_Nobel_laureates
Black,/wiki/List_of_black_Nobel_laureates
Christian,/wiki/List_of_Christian_Nobel_laureates
Female,/wiki/List_of_female_Nobel_laureates
Jewish,/wiki/List_of_Jewish_Nobel_laureates
Latin American,/wiki/List_of_Latin_American_Nobel_laureates
Muslim,/wiki/List_of_Muslim_Nobel_laureates
Non-religious,/wiki/List_of_nonreligious_Nobel_laureates
nationality,/wiki/List_of_Nobel_laureates_by_country
African,/wiki/List_of_African_Nobel_laureates
Egyptian,/wiki/List_of_Egyptian_Nobel_laureates_and_nominees
South African,/wiki/List_of_South_African_Nobel_laureates_and_nominees
Asian,/wiki/List_of_Asian_Nobel_laureates
Chinese,/wiki/List_of_Chinese_Nobel_laureates
Filipino,/wiki/List_of_Filipino_Nobel_laureates_and_nominees
Indian,/wiki/List_of_Indian_Nobel_laureates
Israeli,/wiki/List_of_Israeli_Nobel_laureates
Japanese,/wiki/List_of_Japanese_Nobel_laureates_and_nominees
Korean,/wiki/List_of_Korean_Nobel_laureates_and_nominees
Pakistani,/wiki/List_of_Pakistani_Nobel_laureates
Vietnamese,/wiki/List_of_Vietnamese_Nobel_laureates_and_nominees
Belgian,/wiki/List_of_Belgian_Nobel_laureates
Danish,/wiki/List_of_Danish_Nobel_laureates
German,/wiki/List_of_German_Nobel_laureates
Greek,/wiki/List_of_Greek_Nobel_laureates_and_nominees
Hungarian,/wiki/List_of_Hungarian_Nobel_laureates
Irish,/wiki/List_of_Irish_Nobel_laureates_and_nominees
Italian,/wiki/List_of_Italian_Nobel_laureates
Polish,/wiki/List_of_Polish_Nobel_laureates
Romanian,/wiki/List_of_Romanian_Nobel_laureates_and_nominees
Russian,/wiki/List_of_Russian_Nobel_laureates
Spanish,/wiki/List_of_Spanish_Nobel_laureates
Swedish,/wiki/List_of_Swedish_Nobel_laureates
Swiss,/wiki/List_of_Swiss_Nobel_laureates
Welsh,/wiki/List_of_Welsh_Nobel_laureates
Australian,/wiki/List_of_Australian_Nobel_laureates
American,/wiki/List_of_American_Nobel_laureates
Mexican,/wiki/List_of_Mexican_Nobel_laureates_and_nominees
Argentine,/wiki/List_of_Argentine_Nobel_laureates
Brazilian,/wiki/List_of_Brazilian_Nobel_laureates_and_nominees
Venezuelan,/wiki/List_of_Venezuelan_Nobel_laureates
by university,/wiki/List_of_Nobel_laureates_by_university_affiliation
City University of New York,/wiki/List_of_Nobel_laureates_affiliated_with_the_City_University_of_New_York_as_alumni_or_faculty
Columbia University,/wiki/List_of_Nobel_laureates_affiliated_with_Columbia_University_as_alumni_or_faculty
ETH Zurich,/wiki/List_of_ETH_Zurich_people#Nobel_Prize_winners
Harvard University,/wiki/List_of_Harvard_University_people#Nobel_laureates
Princeton University,/wiki/List_of_Nobel_laureates_affiliated_with_Princeton_University_as_alumni_or_faculty
Washington University in St. Louis,/wiki/List_of_Nobel_laureates_affiliated_with_Washington_University_in_St._Louis_as_alumni_or_faculty
Catholic priests and religious,/wiki/List_of_Catholic_priests_and_religious_awarded_the_Nobel_Prize
Couples,/wiki/List_of_couples_awarded_the_Nobel_Prize
Women,/wiki/List_of_female_nominees_for_the_Nobel_Prize
Chemistry,/wiki/List_of_nominees_for_the_Nobel_Prize_in_Chemistry
Economics,/w/index.php?title=List_of_nominees_for_the_Nobel_Memorial_Prize_in_Economics&action=edit&redlink=1
Literature,/wiki/List_of_nominees_for_the_Nobel_Prize_in_Literature
Individuals,/wiki/List_of_individuals_nominated_for_the_Nobel_Peace_Prize
Organizations,/wiki/List_of_organizations_nominated_for_the_Nobel_Peace_Prize
Physics,/wiki/List_of_nominees_for_the_Nobel_Prize_in_Physics
Physiology or Medicine,/wiki/List_of_nominees_for_the_Nobel_Prize_in_Physiology_or_Medicine
AFSC Nobel nominees,/wiki/List_of_American_Friends_Service_Committee_Nobel_nominees
PRIO Director's Shortlist,/wiki/PRIO_Director%27s_Shortlist
Clarivate,/wiki/Clarivate_Citation_Laureates
Female,/wiki/List_of_female_Clarivate_Citation_laureates
Chemistry,/wiki/List_of_Clarivate_Citation_laureates_in_Chemistry
Economics,/wiki/List_of_Clarivate_Citation_laureates_in_Economic_Sciences
Physics,/wiki/List_of_Clarivate_Citation_laureates_in_Physics
Physiology or Medicine,/wiki/List_of_Clarivate_Citation_laureates_in_Physiology_or_Medicine
Nobel Foundation,/wiki/Nobel_Foundation
Nobel Committees,/wiki/Nobel_Committee
Chemistry,/wiki/Nobel_Committee_for_Chemistry
Economics,/wiki/Committee_for_the_Sveriges_Riksbank_Prize_in_Economic_Sciences_in_Memory_of_Alfred_Nobel
Literature,/wiki/Nobel_Committee_for_Literature
Physics,/wiki/Nobel_Committee_for_Physics
Physiology or Medicine,/wiki/Nobel_Committee_for_Physiology_or_Medicine
Norwegian Nobel Committee,/wiki/Norwegian_Nobel_Committee
Nobel Assembly at the Karolinska Institute,/wiki/Nobel_Assembly_at_the_Karolinska_Institute
Controversies,/wiki/Nobel_Prize_controversies
Alfred Nobel,/wiki/Alfred_Nobel
Björkborn Manor,/wiki/Bj%C3%B6rkborn_Manor
Nobel Laboratory,/wiki/Nobel_Laboratory
Lindau Nobel Laureate Meetings,/wiki/Lindau_Nobel_Laureate_Meetings
World Summit of Nobel Peace Laureates,/wiki/World_Summit_of_Nobel_Peace_Laureates
"Prizes known as the ""Nobel"" of their fields",/wiki/List_of_prizes_known_as_the_Nobel_or_the_highest_honors_of_a_field
https://en.wikipedia.org/w/index.php?title=List_of_Nobel_laureates&oldid=1255394493,https://en.wikipedia.org/w/index.php?title=List_of_Nobel_laureates&oldid=1255394493
Categories,/wiki/Help:Category
Nobel laureates,/wiki/Category:Nobel_laureates
Lists of Nobel laureates,/wiki/Category:Lists_of_Nobel_laureates
Articles with short description,/wiki/Category:Articles_with_short_description
Short description is different from Wikidata,/wiki/Category:Short_description_is_different_from_Wikidata
Wikipedia indefinitely semi-protected pages,/wiki/Category:Wikipedia_indefinitely_semi-protected_pages
Featured lists,/wiki/Category:Featured_lists
Articles containing Swedish-language text,/wiki/Category:Articles_containing_Swedish-language_text
Articles containing Norwegian-language text,/wiki/Category:Articles_containing_Norwegian-language_text
Articles with hCards,/wiki/Category:Articles_with_hCards
Commons category link is on Wikidata,/wiki/Category:Commons_category_link_is_on_Wikidata
Webarchive template wayback links,/wiki/Category:Webarchive_template_wayback_links
Creative Commons Attribution-ShareAlike 4.0 License,/wiki/Wikipedia:Text_of_the_Creative_Commons_Attribution-ShareAlike_4.0_International_License
Terms of Use,https://foundation.wikimedia.org/wiki/Special:MyLanguage/Policy:Terms_of_Use
Privacy Policy,https://foundation.wikimedia.org/wiki/Special:MyLanguage/Policy:Privacy_policy
"Wikimedia Foundation, Inc.",https://wikimediafoundation.org/
Privacy policy,https://foundation.wikimedia.org/wiki/Special:MyLanguage/Policy:Privacy_policy
About Wikipedia,/wiki/Wikipedia:About
Disclaimers,/wiki/Wikipedia:General_disclaimer
Contact Wikipedia,//en.wikipedia.org/wiki/Wikipedia:Contact_us
Code of Conduct,https://foundation.wikimedia.org/wiki/Special:MyLanguage/Policy:Universal_Code_of_Conduct
Developers,https://developer.wikimedia.org
Statistics,https://stats.wikimedia.org/#/en.wikipedia.org
Cookie statement,https://foundation.wikimedia.org/wiki/Special:MyLanguage/Policy:Cookie_statement
Mobile view,//en.m.wikipedia.org/w/index.php?title=List_of_Nobel_laureates&mobileaction=toggle_view_mobile
,https://wikimediafoundation.org/
,https://www.mediawiki.org/
